geo,name,1960,1961,1962,1963,1964,1965,1966,1967,1968,1969,1970,1971,1972,1973,1974,1975,1976,1977,1978,1979,1980,1981,1982,1983,1984,1985,1986,1987,1988,1989,1990,1991,1992,1993,1994,1995,1996,1997,1998,1999,2000,2001,2002,2003,2004,2005,2006,2007,2008,2009,2010,2011,2012,2013,2014,2015,2016,2017,2018,2019,2020,2021,2022,2023,2024
afg,Afghanistan,,,,,,,,,,,,,,,,,,,,,,,,,,,,,,,,,,,,,,,,,,,0.11694,0.87978,2.54662,4.91711,9.9133,18.01668,29.82676,38.22894,36.11868,47.01518,50.19666,53.14902,56.13221,58.25602,62.25533,67.05079,59.81093,59.64708,58.04611,56.69448,56.26552,55.5475,60.09908
ago,Angola,,,,,,,,,,,,,,,,,,,,,,,,,,,,,,,,,,0.00844,0.01355,0.01433,0.02293,0.04742,0.0639,0.15122,0.15935,0.44784,0.80795,1.95054,3.9784,8.35159,15.26144,23.87815,31.38915,36.17891,40.36676,49.85153,50.78011,50.77349,51.73844,49.30972,44.55023,44.06821,42.45888,45.80653,43.78043,44.38687,66.60081,70.05196,69.70395
alb,Albania,,,,,,,,,,,,,,,,,,,,,,,,,,,,,,,,,,,,,0.07031,0.10142,0.17326,0.34311,0.94092,12.47322,27.153,35.27803,40.64955,49.74528,62.60258,76.82841,62.13416,83.19292,91.92993,106.47418,120.27475,126.77181,115.70057,117.32966,116.28401,125.09994,93.80309,91.1635,91.18809,92.48434,98.39504,92.99733,89.13286
and,Andorra,,,,,,,,,,,,,,,,,,,,,,,,,,,,,,,,,1.3442,1.31855,1.28447,4.48926,8.55535,13.32364,21.65649,31.37613,35.84228,44.68961,49.30382,74.68123,78.52809,83.38823,86.70478,77.55902,76.89323,76.94664,81.15258,83.62239,83.12075,85.02141,89.83414,98.83892,105.47374,108.91233,109.91458,114.95279,103.87697,119.68761,142.42645,156.09726,155.69211
are,UAE,,,,,,,,,,,,,,,,,,,,,,,0.19951,0.28798,0.37727,0.5744,0.76197,0.87004,0.821,1.3922,1.76712,2.14142,2.31161,3.17485,3.92817,5.29863,7.53416,11.26583,16.88655,26.86844,40.87833,51.27587,61.36411,70.89711,83.15973,97.1993,110.18532,137.45795,148.47269,159.11415,157.47258,162.89362,183.74063,205.10548,204.19183,206.83941,220.41161,214.70134,214.84213,209.03321,194.46775,186.30089,195.62459,199.42384,203.20641
arg,Argentina,,,,,,,,,,,,,,,,,,,,,,,,,,,,,,0.00715,0.03677,0.07552,0.13879,0.32915,0.69925,1.16006,1.8848,5.60943,7.37131,10.50082,17.43417,17.91846,17.26756,20.40958,34.81145,56.4973,79.52728,100.96212,115.05196,128.46163,138.25164,145.51107,152.57358,158.19077,142.32548,142.24071,145.14658,139.75824,131.22427,125.30266,121.18061,130.3528,131.48356,137.70609,140.23498
arm,Armenia,,,,,,,,,,,,,,,,,,,,,,,,,,,,,,,,,,,,,0.00909,0.15284,0.24166,0.25455,0.55944,0.82688,2.335,3.76374,6.72643,10.57907,42.1272,63.07648,48.71638,74.4012,131.87483,109.85006,113.69735,114.49972,118.36542,118.59911,117.6708,119.67644,123,124.6137,120.68237,125.39513,130.54007,134.51996,134.88695
atg,Antigua and Barbuda,,,,,,,,,,,,,,,,,,,,,,,,,,,,,,,,,,,,,1.86252,1.9658,2.06691,11.51434,29.36779,32.8649,49.59627,59.19059,68.59843,108.02527,136.68925,137.54651,164.74334,160.29487,196.8706,203.87342,145.97868,129.85783,135.23461,196.84819,200.06891,203.38683,,201.39223,200.33534,199.24417,200.54072,,
aus,Australia,,,,,,,,,,,,,,,,,,,,,,,,,,,,0.0272,0.19135,0.56279,1.08484,1.68755,2.8461,3.91345,6.85181,12.45348,21.90882,24.86658,26.43849,33.58883,44.75115,57.48387,64.65818,72.38847,82.20814,90.76355,95.96631,101.45768,103.50674,101.91429,101.61876,105.82401,106.49971,107.3322,106.20624,107.60814,109.12881,107.79976,110.03313,109.75283,104.93016,105.11851,109.46917,112.51318,112.58103
aut,Austria,,,,,,,,,,,,,,,,,,,,,,,,,,0.12909,0.25246,0.3463,0.48662,0.66568,0.95977,1.48798,2.19943,2.79382,3.50581,4.82598,7.52331,14.55612,28.74799,53.18725,76.33914,81.33313,83.34946,89.55258,97.77952,105.29572,112.22629,119.46556,129.94919,137.01509,146.33431,155.155,161.15563,156.48349,151.53115,155.83714,126.79753,123.41487,124.23021,120.77637,120.13181,121.35773,121.16646,121.74621,124.4593
aze,Azerbaijan,,,,,,,,,,,,,,,,,,,,,,,,,,,,,,,,,,,0.00639,0.07605,0.21386,0.5,0.80835,4.56708,5.14264,8.84659,9.53864,12.58373,17.156,26.07811,38.15125,51.18759,73.22224,85.74875,99.48903,109.33385,107.98853,106.58319,109.5667,109.68211,103.24846,101.58991,102.98728,106.32834,101.59668,105.69356,107.5063,107.68673,109.54315
bdi,Burundi,,,,,,,,,,,,,,,,,,,,,,,,,,,,,,,,,,0.00635,0.00677,0.00951,0.00946,0.01045,0.01027,0.01294,0.25223,0.50368,0.762,0.90868,1.37553,2.01653,2.54273,3.30806,5.65018,10.2904,17.89622,19.70149,22.31278,24.30068,29.56778,45.23793,47.66973,51.45333,53.27369,53.29955,52.55712,59.70079,56.25999,63.16314,
bel,Belgium,,,,,,,,,,,,,,,,,,,,,,,,,,,0.03841,0.07296,0.19312,0.30986,0.43054,0.51487,0.61359,0.67476,1.27191,2.3304,4.72351,9.59632,17.23787,31.16719,54.90788,74.82256,78.40703,82.93773,87.62546,91.6576,93.35383,101.05998,105.90115,108.89957,111.13154,113.20185,110.85622,110.34868,113.60026,113.29233,110.74872,99.8304,100.16403,100.16496,99.91006,101.46294,101.68036,103.19643,103.90465
ben,Benin,,,,,,,,,,,,,,,,,,,,,,,,,,,,,,,,,,,,0.01737,0.04363,0.06725,0.09547,0.10708,0.76819,1.67884,2.85027,2.98462,5.62957,7.07639,12.14423,22.91471,39.2846,52.93012,72.21154,76.9318,80.86289,89.90192,78.51703,82.01933,76.01821,72.86715,76.40803,81.32353,85.23907,94.91826,105.74502,116.03605,125.94087
bfa,Burkina Faso,,,,,,,,,,,,,,,,,,,,,,,,,,,,,,,,,,,,,0.00494,0.01379,0.02437,0.04366,0.21169,0.61965,0.87543,1.81994,2.93277,4.54743,7.07267,12.54049,19.81997,24.33869,35.28483,46.10576,58.09421,63.52431,68.53955,76.93733,79.66979,90.20814,94.62196,97.14986,102.97284,112.19842,113.99615,116.16314,116.58959
bgd,Bangladesh,,,,,,,,,,,,,,,,,,,,,,,,,,,,,,,,,0.00022,0.00044,0.00095,0.00212,0.00334,0.0213,0.06031,0.11755,0.20737,0.3801,0.77375,0.96829,1.94647,6.21909,13.06708,23.22466,29.86467,34.04126,44.62747,54.93073,62.66843,74.45952,80.31282,82.4276,84.55955,93.06898,98.92891,100.39957,106.00214,110.01205,109.86654,111.28089,108.07704
bgr,Bulgaria,,,,,,,,,,,,,,,,,,,,,,,,,,,,,,,,,,0.01161,0.07604,0.24677,0.31647,0.84145,1.54221,4.28801,9.2244,19.54984,33.03952,44.85758,61.03328,81.15505,108.02485,130.45503,138.39672,139.62082,137.14025,141.93831,147.33786,144.35515,131.33514,128.10326,125.90603,120.59563,119.39451,116.61698,114.59674,114.91199,116.67916,117.93269,118.06715
bhr,Bahrain,,,,,,,,,,,,,,,,,,,,,,,,,,,0.13727,0.36694,0.5971,0.84961,0.99475,1.37351,1.74635,1.97994,2.96939,4.50293,6.3342,8.97016,13.68999,19.28358,30.72474,42.80083,51.71385,54.61877,74.56193,82.25388,91.23432,105.53941,128.55929,118.44948,129.15786,140.3506,174.61956,175.80216,177.40013,183.91961,209.48913,159.54689,139.73542,129.14274,119.4116,128.07891,139.63614,153.89994,159.53614
bhs,Bahamas,,,,,,,,,,,,,,,,,,,,,,,,,,,,,,,0.71007,0.73173,0.92207,0.83321,,1.3687,1.62266,1.9989,2.55931,4.96796,9.73459,18.47113,36.71709,36.41879,54.74304,66.23291,72.61916,105.84857,99.98045,98.89805,116.57215,80.37845,79.90007,75.73499,82.35513,80.7521,92.82189,90.53869,98.97891,107.812,117.71749,100.25733,101.62374,100.04757,96.6799
bih,Bosnia and Herzegovina,,,,,,,,,,,,,,,,,,,,,,,,,,,,,,,,,,,,,0.03839,0.22235,0.61192,1.26672,2.24498,10.64045,17.87917,25.72177,33.98806,38.92029,46.46059,61.05572,80.532,83.95392,81.60189,84.75292,91.48331,96.60635,97.93423,97.86784,98.0144,100.33258,102.18654,112.25479,106.37474,114.91161,118.94435,117.73369,121.23237
blr,Belarus,,,,,,,,,,,,,,,,,,,,,,,,,,,,,,,,,,0.00309,0.01646,0.05637,0.06274,0.07852,0.11735,0.22755,0.49396,1.39191,4.6856,11.40447,23.00222,42.40348,62.03141,72.7795,85.29431,101.88132,108.87335,112.90192,112.82242,117.43352,120.36608,120.66963,120.43151,120.21265,122.56976,123.22981,125.16473,127.11732,128.315,128.97918,131.12302
blz,Belize,,,,,,,,,,,,,,,,,,,,,,,,,,,,,,,,,,0.206,0.41932,0.75999,1.04079,1.17172,1.57176,2.832,6.98176,15.76422,20.20593,22.89901,27.60519,34.31868,40.98959,39.95745,52.57967,51.75168,60.64138,67.95245,51.55974,51.11276,49.38052,59.47976,61.12557,64.15855,64.78016,66.07046,67.55166,66.77695,67.17503,,
bol,Bolivia,,,,,,,,,,,,,,,,,,,,,,,,,,,,,,,,0.00407,0.02098,0.03524,0.05272,0.09219,0.41806,1.45538,2.88734,4.98094,6.76967,8.91055,11.49766,14.12978,19.56468,25.8676,30.20623,33.59925,51.14884,64.53886,70.50727,80.7163,90.27559,97.59512,96.32638,92.26601,90.39533,96.63837,99.45659,100.14946,99.89882,100.80906,101.5715,,98.02879
bra,Brazil,,,,,,,,,,,,,,,,,,,,,,,,,,,,,,,0.00044,0.00437,0.02053,0.11487,0.35657,0.78619,1.50458,2.69955,4.3079,8.66506,13.32513,16.30492,19.54077,25.67411,35.91348,46.67888,53.53172,64.16262,79.13197,88.18494,101.6665,120.0081,126.13196,136.58914,140.30468,127.83617,120.10118,108.09257,101.60246,97.37474,98.64562,104.82473,101.24547,101.02026,101.92685
brb,Barbados,,,,,,,,,,,,,,,,,,,,,,,,,,,,,,,,0.18735,0.3059,0.59771,1.13369,1.75903,2.39085,3.04418,4.55163,7.68785,10.86266,20.23854,36.7949,52.67594,74.87448,76.73442,87.8212,94.95297,105.84788,122.95977,127.18253,125.99343,126.12787,110.81987,109.73889,120.00143,118.8163,117.62995,117.31852,117.11159,104.72208,112.22271,114.58072,,
brn,Brunei,,,,,,,,,,,,,,,,,,,,,,,,,,,,,,,0.67652,1.12095,1.47901,2.91662,5.35152,11.99644,14.21442,14.36713,15.34552,20.18071,29.10325,42.8997,45.17714,51.16736,57.36687,64.88983,82.65165,98.72328,105.57554,107.25545,110.90199,110.95974,115.82589,114.01063,108.47127,109.7515,122.42682,125.87044,129.26818,129.84526,119.93389,133.59707,116.10844,118.67375,118.13058
btn,Bhutan,,,,,,,,,,,,,,,,,,,,,,,,,,,,,,,,,,,,,,,,,,,,0.35364,2.94185,5.43918,12.23586,22.02033,36.92411,48.83917,56.19983,68.25553,78.19691,75.0527,85.18657,91.24096,93.3821,96.85657,92.60226,95.3473,96.77028,100.33091,95.12981,95.62606,99.75768
bwa,Botswana,,,,,,,,,,,,,,,,,,,,,,,,,,,,,,,,,,,,,,,0.91744,5.43877,13.24624,19.40506,19.0435,25.05879,28.93181,30.64237,43.9084,60.26373,76.19558,94.14409,116.24604,139.87046,146.14916,151.67068,157.01832,157.73474,147.17296,142.9621,147.06484,160.66152,161.85882,173.25235,178.20502,179.02731,163.99992
caf,Central African Republic,,,,,,,,,,,,,,,,,,,,,,,,,,,,,,,,,,,,0.00134,0.03184,0.03961,0.04593,0.11386,0.12957,0.28065,0.31452,0.97488,1.43102,2.33165,2.5128,7.61859,12.50279,19.06893,21.79464,21.74018,24.79184,29.30153,24.9962,26.83967,26.48356,24.52042,26.22158,32.26269,36.42601,35.81698,38.82179,,
can,Canada,,,,,,,,,,,,,,,,,,,,,,,,,,0.04643,0.22974,0.37207,0.75567,1.26697,2.11072,2.76927,3.6215,4.64969,6.4379,8.84203,11.81928,14.0382,17.73439,22.73384,28.25021,34.11656,37.64637,41.7477,46.74369,52.45533,57.23313,61.27552,66.04814,70.39449,75.51971,77.67226,79.37572,80.35489,80.79022,82.76738,84.59195,86.1024,89.04946,90.95892,84.77477,87.4056,91.23867,94.14973,94.10597
che,Switzerland,,,,,,,,,,,,,,,,,,,,,,,,,,,,0.08366,0.4667,1.09438,1.86312,2.56876,3.12899,3.71538,4.75096,6.35334,9.374,14.73655,23.89578,42.80908,64.5673,73.00727,78.80888,84.39415,84.9756,91.95904,99.43368,108.7935,116.4227,120.48343,123.23615,127.39654,132.03116,136.55124,136.13773,135.72308,134.23568,131.16969,126.68114,126.92064,127.37637,123.21237,123.97123,130.22188,129.47137
chl,Chile,,,,,,,,,,,,,,,,,,,,,,,,,,,,,,0.03722,0.10433,0.26645,0.46754,0.60854,0.81411,1.36864,2.18586,2.76678,6.42972,14.89606,21.94018,32.52252,39.37659,45.35659,57.21382,64.65053,75.41737,83.70653,87.87103,96.71066,115.54453,128.60468,136.65626,133.77809,132.55967,128.58397,127.56512,124.00081,133.27013,130.49277,129.41374,136.57158,135.11428,135.87112,132.66041
chn,China,,,,,,,,,,,,,,,,,,,,,,,,,,,,0.00006,0.00029,0.00086,0.00159,0.00406,0.01495,0.05335,0.12988,0.29791,0.55793,1.06907,1.91388,3.44869,6.7156,11.32534,16.00826,20.85356,25.71415,30.03037,34.9802,41.28077,48.07579,55.65746,63.55634,72.50524,81.2076,89.13023,92.6612,92.54012,97.21388,104.07318,116.22913,122.67039,120.49672,121.49192,124.19525,128.24701,131.75393
civ,Cote d'Ivoire,,,,,,,,,,,,,,,,,,,,,,,,,,,,,,,,,,,,,0.09148,0.23475,0.57514,1.57308,2.6722,4.00764,5.5056,6.69626,8.54469,11.70712,19.78615,35.50884,48.56755,59.93428,69.36588,75.46881,77.12734,80.99868,90.12198,100.63878,105.62477,118.75506,123.09801,132.57401,138.66375,150.3438,161.23183,171.98894,183.87599
cmr,Cameroon,,,,,,,,,,,,,,,,,,,,,,,,,,,,,,,,,,,0.01245,0.02119,0.02578,0.03013,0.03493,0.04082,0.69256,2.72573,4.46094,6.66446,9.21627,13.19216,17.86822,25.13034,33.16935,41.87575,43.91206,51.83104,62.99065,73.19125,77.23999,79.78007,79.80462,83.45029,74.39954,83.9044,85.27216,80.8081,89.82742,96.48173,108.21313
cod,"Congo, Dem. Rep.",,,,,,,,,,,,,,,,,,,,,,,,,,,,,,,,,,,,0.01964,0.01632,0.01986,0.02179,0.02541,0.0297,0.28773,1.04185,2.25179,3.49263,4.67216,7.28434,10.55096,15.43333,14.24223,17.24012,22.0819,27.42855,37.25046,47.32324,46.58794,34.4099,40.62226,40.50145,39.94,42.50276,47.28825,48.67735,53.18888,58.53215
cog,"Congo, Rep.",,,,,,,,,,,,,,,,,,,,,,,,,,,,,,,,,,,,,0.0355,,0.11542,0.16575,2.22127,4.5836,6.61937,9.57701,10.75998,15.10099,23.90934,32.34904,43.92835,68.86599,83.33721,84.27309,90.3529,95.93714,99.07996,102.32304,103.85759,94.48682,91.18899,91.06542,97.65613,95.8615,93.62593,94.87154,95.53193
col,Colombia,,,,,,,,,,,,,,,,,,,,,,,,,,,,,,,,,,,0.24594,0.76338,1.4273,3.39152,4.74438,5.09663,5.77336,8.22292,11.39896,15.11137,25.03559,51.86452,69.71647,78.50312,94.52898,95.2296,99.33076,102.07869,107.32908,108.97809,118.82264,122.0514,123.70995,129.27201,131.59547,132.81076,133.66102,146.62784,156.19516,166.98011,174.09429
com,Comoros,,,,,,,,,,,,,,,,,,,,,,,,,,,,,,,,,,,,,,,,,,,,0.351,1.44273,2.61913,6.09786,10.06667,14.5781,19.09753,25.2396,32.39818,41.59309,49.91439,53.82971,58.45556,61.25979,61.97082,64.65908,73.12917,97.43394,104.31143,100.54904,109.85563,
cpv,Cape Verde,,,,,,,,,,,,,,,,,,,,,,,,,,,,,,,,,,,,,,0.00464,0.23171,1.79438,4.35214,6.84499,9.19588,11.26825,13.72218,16.8457,22.18296,30.67615,55.38391,57.41898,72.94678,77.51126,83.07566,97.50754,119.72416,119.33551,117.44245,119.37363,118.87615,115.8678,105.83859,114.23055,113.24737,113.02297,111.84068
cri,Costa Rica,,,,,,,,,,,,,,,,,,,,,,,,,,,,,,,,,0.09055,0.13311,0.20019,0.52479,1.27265,1.72184,2.84632,3.54173,5.374,8.15536,12.32862,18.80502,21.97778,25.84471,33.40901,34.43227,42.48978,43.34241,68.66545,90.09148,115.31214,150.80066,147.2674,156.40389,171.16637,179.93127,171.35734,144.51408,142.48153,140.78806,136.51838,133.52766,136.02451
cub,Cuba,,,,,,,,,,,,,,,,,,,,,,,,,,,,,,,,,0.00217,0.00461,0.01058,0.01775,0.02214,0.02722,0.03676,0.0464,0.05883,0.07698,0.15971,0.31541,0.67443,1.2034,1.35403,1.75642,2.93786,5.49953,8.87827,11.6368,14.87763,17.66391,22.42426,29.58161,35.39888,41.01931,47.86015,53.93834,59.60587,63.86611,68.71804,69.57678,72.93
cyp,Cyprus,,,,,,,,,,,,,,,,,,,,,,,,,,,,,0.03004,0.23753,0.5447,0.8625,1.59499,2.44295,3.58967,6.77327,10.62299,13.62085,17.0492,21.9622,31.30093,44.55776,58.55864,76.3248,89.8,105.17513,114.49861,127.29418,127.58677,119.34086,123.13301,126.55963,128.74435,127.86291,129.04298,128.63197,130.33452,133.94047,134.84363,137.76053,135.58885,142.05141,146.71584,148.33371,156.21803
cze,Czech Republic,,,,,,,,,,,,,,,,,,,,,,,,,,,,,,,,0.01205,0.04511,0.13609,0.29482,0.47422,1.94563,5.12051,9.40658,18.97283,42.45474,67.89674,84.08813,94.72891,105.0784,114.54964,120.39491,127.96688,132.77874,125.34916,123.60528,125.4603,128.6901,130.52124,132.28869,118.33982,118.5445,119.87429,120.43168,124.12615,123.21946,126.17315,128.1053,126.00475,126.60016
deu,Germany,,,,,,,,,,,,,,,,,,,,,,,,,,0.00139,0.03059,0.06242,0.12585,0.20733,0.34347,0.66696,1.21176,2.20219,3.07917,4.59178,6.77976,10.16257,17.06606,28.748,58.92863,68.50157,72.04728,78.91697,86.87982,96.61689,104.83468,118.3698,130.09747,129.73328,109.36408,112.41948,114.19195,123.4354,122.30867,117.40117,125.02401,132.00326,128.94558,128.2923,128.4248,127.1251,124.15826,124.66257,129.15092
dji,Djibouti,,,,,,,,,,,,,,,,,,,,,,,,,,,,,,,,,,,,,0.01706,0.0304,0.03166,0.03892,0.03078,0.38895,1.88543,2.82722,4.17395,5.24961,5.23707,7.9516,12.64072,14.1275,17.80304,20.35184,21.97762,24.78849,28.62712,30.80917,33.27182,35.36571,36.85452,38.01438,39.2725,43.64235,46.77705,48.45049,
dma,Dominica,,,,,,,,,,,,,,,,,,,,,,,,,,,,,,,,,,,,,0.66651,0.80485,0.94288,1.16452,1.75154,11.29042,17.80537,34.70838,60.94481,75.65397,103.91536,129.27215,132.16371,143.03555,153.30894,157.73971,158.13536,134.22506,104.99197,109.72021,112.69718,109.83123,112.68225,115.10312,110.40948,92.51362,85.1899,,
dnk,Denmark,,,,,,,,,,,,,,,,,,,,,,,0.14045,0.31419,0.5975,0.90049,1.12522,1.5119,1.97965,2.41125,2.88107,3.41086,4.07814,6.88495,9.65706,15.70646,25.04928,27.36236,36.4428,49.41085,62.9919,73.89983,83.29215,88.43324,95.60215,100.54711,107.18607,115.49714,119.35329,123.72748,115.73447,128.76287,130.41603,125.21345,126.86914,124.55351,121.94116,123.86211,124.55012,124.57336,124.37002,125.60414,126.48354,126.71709,126.68653
dom,Dominican Republic,,,,,,,,,,,,,,,,,,,,,,,,,,,,,,,0.04441,0.07701,0.0968,0.1368,0.27175,0.71132,1.03025,1.73731,2.52814,5.04595,8.21779,14.56469,19.21107,23.29365,27.83188,39.2767,49.30488,58.30222,75.32002,89.01061,90.55626,88.18735,88.71729,90.25467,80.4955,84.30658,82.53034,82.20921,82.89374,82.13761,81.6619,87.52076,90.37602,91.86762,93.70958
dza,Algeria,,,,,,,,,,,,,,,,,,,,,,,,,,,,,,,0.00184,0.01829,0.01787,0.01748,0.00483,0.01647,0.04037,0.05903,0.06015,0.23726,0.27828,0.31917,1.41805,4.49694,14.96375,41.26145,62.45022,80.6177,77.6388,92.22151,90.58238,96.51129,99.68533,102.87101,110.44035,108.01637,115.1542,109.96986,110.93807,104.92207,103.43667,105.03709,107.78712,111.60624,115.45728
ecu,Ecuador,,,,,,,,,,,,,,,,,,,,,,,,,,,,,,,,,,,0.16673,0.47035,0.50767,1.05528,1.99031,3.0872,3.80018,6.65455,11.88008,17.93379,26.04344,45.11237,60.23691,69.37075,80.16684,89.31471,98.03694,100.04233,105.68029,105.18166,103.55852,79.57465,84.10883,87.42139,92.51177,91.42492,88.25549,94.95062,98.1309,101.03175,101.59827
egy,Egypt,,,,,,,,,,,,,,,,,,,,,,,,,,,,0.00497,0.00556,0.00649,0.00699,0.00768,0.00819,0.0112,0.01174,0.01148,0.01124,0.09759,0.13264,0.68801,1.86075,3.74243,5.89553,7.44671,9.61664,16.80571,21.76665,35.70838,48.08334,63.25851,79.21986,91.58233,103.90485,104.5854,97.73131,94.39625,96.2092,99.28844,88.74209,88.64478,87.23169,84.08662,90.67947,92.82616,97.12951
eri,Eritrea,,,,,,,,,,,,,,,,,,,,,,,,,,,,,,,,,,,,,,,,,,,,,0.76974,1.51953,2.29317,3.07478,3.85719,4.88697,6.29077,8.06871,10.05216,11.54204,13.48551,15.29522,16.19356,22.06106,,40.46054,54.7205,53.75826,59.12481,,
esp,Spain,,,,,,,,,,,,,,,,,,,,,,,,,,,0.00441,0.01085,0.02998,0.07667,0.14065,0.2781,0.45991,0.65261,1.0396,2.37339,7.49477,10.79565,15.94913,37.0076,59.15454,71.90035,80.30279,87.56261,89.33265,97.12283,102.2365,106.38442,107.32839,109.47249,109.71157,111.89936,107.75607,107.03857,108.74582,109.39104,110.24706,112.03009,115.00907,116.69612,116.71204,118.99981,123.39953,127.71549,130.261
est,Estonia,,,,,,,,,,,,,,,,,,,,,,,,,,,,,,,,0.03641,0.16217,0.48018,0.93337,2.09613,4.84432,10.14429,17.50349,27.57396,39.87124,46.91065,63.86673,76.61239,92.15184,106.67617,123.15128,125.44512,121.49402,117.6849,124.1362,136.0654,151.19657,146.24746,144.36062,144.80296,144.23547,144.55662,145.54349,147.04693,144.83221,148.73959,152.27077,150.19573,151.13183
eth,Ethiopia,,,,,,,,,,,,,,,,,,,,,,,,,,,,,,,,,,,,,,,,0.01036,0.02634,0.03958,0.07031,0.06951,0.20444,0.52398,1.07393,1.45421,2.28483,4.60381,7.57026,15.1655,21.42396,26.05363,30.1536,40.7363,47.99933,36.10948,,36.21993,37.42085,52.80886,56.9643,59.87487,65.08251
fin,Finland,,,,,,,,,,,,,,,,,,,,,0.49132,0.58914,0.70191,0.86961,1.0654,1.37978,1.73438,2.14631,2.79305,3.82782,5.17136,6.3651,7.65592,9.65487,13.27634,20.34334,29.30899,42.0739,55.22384,63.37119,72.03399,80.48594,86.85188,91.06401,95.40663,100.45592,107.66681,114.96187,128.54349,144.22565,156.43208,165.91685,172.14721,136.25901,139.19883,134.97412,131.38278,129.98339,129.62912,129.48772,128.76129,129.03633,128.02329,127.47303,125.86095
fji,Fiji,,,,,,,,,,,,,,,,,,,,,,,,,,,,,,,,,,,0.1391,0.27769,0.46451,0.64631,0.98286,2.83937,6.54732,9.52606,10.47726,12.68426,16.26207,23.23265,31.97127,59.03643,66.41584,70.5437,76.65921,79.62856,93.86732,101.53369,95.48718,105.1571,113.65575,112.53386,110.6653,112.58073,108.36504,108.15841,111.74912,361.04864,574.15233
fra,France,,,,,,,,,,,,,,,,,,,,,,,,,,,0.01635,0.07051,0.17587,0.31761,0.50201,0.66202,0.76797,1.00256,1.5429,2.26835,4.2738,10.05768,19.30102,36.73126,48.84086,61.75999,63.95999,68.6553,72.81376,78.03323,83.25888,88.66881,92.34123,91.77824,91.11858,93.8529,97.19246,98.34792,101.13229,102.71837,103.81666,105.71837,107.48243,109.60078,110.38722,113.95272,115.95052,116.6878,
fsm,"Micronesia, Fed. Sts.",,,,,,,,,,,,,,,,,,,,,,,,,,,,,,,,,,,,,,,,,,,0.08893,5.22688,11.42015,12.65034,16.81222,24.96906,25.24418,25.47311,25.58862,25.62722,28.93039,29.03506,,20.70072,21.46413,21.11234,,20.85562,19.83483,19.70902,19.98858,,
gab,Gabon,,,,,,,,,,,,,,,,,,,,,,,,,,,,,,,,,0.02699,0.11263,0.23601,0.35652,0.591,0.80522,0.80127,0.71657,9.40754,11.45398,20.7629,21.70217,34.42346,50.33772,59.5349,75.11709,80.88727,87.2676,93.61124,133.01049,138.48845,143.49944,148.23759,138.2445,141.05021,123.4755,132.46531,131.97526,131.30156,132.30866,123.23319,122.60663,125.33711
gbr,UK,,,,,,,,,,,,,,,,,,,,,,,,,,0.08827,0.22919,0.51033,0.98327,1.70825,1.9472,2.19667,2.62045,3.93426,6.81827,9.90117,12.48025,15.17763,25.45932,46.36293,73.57595,78.06458,82.67949,90.69855,99.19885,108.04599,114.7857,119.98892,120.81927,122.3575,121.78084,121.49766,122.46523,122.1847,120.95826,121.21174,119.78656,119.20674,118.18438,120.25011,117.30485,117.88743,119.834,122.78154,121.64333
geo,Georgia,,,,,,,,,,,,,,,,,,,,,,,,,,,,,,,,,,,,0.00308,0.04831,0.64655,1.3279,3.03204,4.49919,7.15803,12.20053,17.40857,20.72559,29.16716,42.63353,65.52376,69.90486,72.39201,102.1129,114.51693,122.38415,131.0831,142.39087,146.3965,145.88059,145.07249,143.85813,141.75541,134.36601,146.56647,154.01356,155.24997,161.20178
gha,Ghana,,,,,,,,,,,,,,,,,,,,,,,,,,,,,,,,,0.00246,0.01047,0.01958,0.03555,0.07154,0.1197,0.2231,0.36516,0.66224,1.20889,1.86583,3.73546,7.75095,12.8046,22.60019,32.16294,47.71322,60.7695,68.44731,81.11045,95.82618,102.338,108.2705,121.99716,130.48137,122.47177,133.60999,130.70523,126.88739,124.40263,120.80342,98.80592,113.64797
gin,Guinea,,,,,,,,,,,,,,,,,,,,,,,,,,,,,,,,,,0.0006,0.01118,0.01272,0.01236,0.03657,0.26984,0.30804,0.49962,0.65188,1.04648,1.25694,1.7092,2.04416,,20.69905,27.78095,34.3963,38.47602,45.61018,51.13454,66.44528,75.6869,91.47562,92.02329,94.46409,94.55501,98.76215,107.77655,110.18552,95.31746,97.8795,
gmb,Gambia,,,,,,,,,,,,,,,,,,,,,,,,,,,,,,,,,0.0181,0.03912,0.06734,0.11609,0.24205,0.35945,0.37222,0.38002,0.38486,3.68459,6.51173,9.46368,10.79373,14.84538,23.57319,45.32692,64.14912,70.15382,76.73227,70.63082,74.69999,87.88081,105.50526,122.07852,124.27382,126.63367,132.57837,105.20464,106.44826,108.8474,106.78225,117.11566,126.24377
gnb,Guinea-Bissau,,,,,,,,,,,,,,,,,,,,,,,,,,,,,,,,,,,,,,,,,,,,0.09668,2.92324,7.15302,11.11635,20.41529,33.61141,36.71079,43.24489,45.55966,63.53289,55.42005,63.65418,69.32677,70.1916,76.43937,77.02194,80.82453,95.06287,108.62961,125.93467,128.11053,147.19763
gnq,Equatorial Guinea,,,,,,,,,,,,,,,,,,,,,,,,,,,,,,,,,,,,,0.01047,0.04954,0.04716,0.0916,0.71096,2.00044,4.01024,4.89466,6.87841,10.22835,12.11701,14.47815,16.59705,17.6107,33.5796,38.56068,38.73858,37.94207,36.90025,36.68255,38.16837,36.23364,36.57603,36.94219,43.34954,46.43481,49.53805,,
grc,Greece,,,,,,,,,,,,,,,,,,,,,,,,,,,,,,,,,,0.4544,1.43697,2.54476,4.92419,8.62231,18.71205,35.51072,55.01812,73.44482,85.52816,81.84481,85.17424,93.43488,99.67069,111.30911,124.57795,119.68861,110.4996,109.17414,120.92614,114.14269,111.48823,116.13309,116.36511,120.30563,113.41845,110.85503,106.6698,108.64353,109.02696,110.79217,113.59761
grd,Grenada,,,,,,,,,,,,,,,,,,,,,,,,,,,,,,,0.15144,0.14736,0.17914,0.276,0.33923,0.38439,0.54365,0.9247,1.32768,1.88347,4.00182,5.9396,6.96746,38.84225,39.61929,42.70144,41.94216,46.48939,54.12459,102.84934,109.28432,107.83019,115.19574,117.19404,102.64518,104.43946,103.33797,98.04137,102.61905,100.17503,102.07923,86.57103,95.75924,,
gtm,Guatemala,,,,,,,,,,,,,,,,,,,,,,,,,,,,,,,0.00323,0.01309,0.02236,0.03041,0.10364,0.28948,0.40839,0.58865,0.99647,2.94674,7.32485,9.57808,12.87741,16.24462,24.73769,34.46054,53.70314,87.14861,107.27272,121.74967,124.60573,131.68563,137.75723,141.13135,107.84407,113.45906,112.26744,120.63772,121.50008,122.04379,117.47588,125.71896,115.15644,113.70937,112.52086
guy,Guyana,,,,,,,,,,,,,,,,,,,,,,,,,,,,,,,,,0.11289,0.13772,0.1669,0.16536,0.15924,0.18538,0.19215,0.37137,5.20768,9.85249,10.39741,18.07821,22.51468,36.97763,52.70328,71.18533,59.33812,64.95638,74.7938,70.86442,73.3024,74.00259,75.16351,71.50917,76.57135,83.6991,,96.32707,106.00869,104.9686,112.56504,,
hnd,Honduras,,,,,,,,,,,,,,,,,,,,,,,,,,,,,,,,,,,,,0.03867,0.23481,0.55316,1.21327,2.36054,3.51627,4.7055,5.32871,9.68902,17.13561,29.26479,53.41343,77.51193,102.45248,113.61714,94.39905,84.56649,87.37757,85.23654,87.12918,83.21808,85.87173,77.7101,76.02683,68.78361,73.47717,75.85514,74.41482,70.93974
hrv,Croatia,,,,,,,,,,,,,,,,,,,,,,,,,,,,,,,0.00492,0.04168,0.13171,0.2375,0.44951,0.7008,1.36474,2.55594,3.91637,6.40562,23.87829,40.80376,53.70918,58.91537,65.78801,84.60236,101.83975,116.6505,105.56585,108.45574,114.58233,119.48961,116.71931,111.28176,105.7323,105.54364,106.7184,105.79476,109.03404,110.4938,110.6663,112.16944,114.6772,117.1126,121.73253
hti,Haiti,,,,,,,,,,,,,,,,,,,,,,,,,,,,,,,,,,,,,,,0.12406,0.30455,0.6624,1.08208,1.62646,3.653,4.48921,5.5202,13.02004,26.67151,33.57545,37.64869,40.80261,42.36047,60.52717,70.04448,65.25748,69.37026,60.94772,58.29179,60.23226,61.62341,65.09337,64.3452,65.18893,,
hun,Hungary,,,,,,,,,,,,,,,,,,,,,,,,,,,,,,,0.02549,0.08171,0.22461,0.44135,1.38265,2.56605,4.58952,6.86147,10.42937,15.91508,30.18742,48.85986,67.92064,78.58952,86.52953,92.59162,99.16196,109.92465,122.03835,117.9085,120.36945,117.52607,116.76783,117.20013,118.89566,100.62374,101.44201,101.62926,102.7372,105.14156,105.9819,105.13729,105.79385,105.05442,104.58063
idn,Indonesia,,,,,,,,,,,,,,,,,,,,,,,,,0.00108,0.00122,0.00268,0.00367,0.00513,0.00722,0.00993,0.01323,0.01885,0.02787,0.04003,0.10631,0.27934,0.44773,0.51277,1.05261,1.69815,2.97627,5.26817,8.21836,13.30981,20.31864,27.27188,39.39339,58.53576,67.29584,85.78387,100.13452,111.58105,122.42482,125.76719,129.4688,145.70425,162.78251,118.33022,125.24435,129.40362,132.19944,122.87301,125.23819,122.51495
ind,India,,,,,,,,,,,,,,,,,,,,,,,,,,,,,,,,,,,,0.00795,0.03335,0.08798,0.11703,0.1811,0.33812,0.60674,1.1844,3.01665,4.59687,7.80652,14.15747,19.62079,28.7177,42.84614,60.49064,70.87257,67.62635,68.39667,71.93668,75.37933,83.91784,85.97035,85.55008,82.89814,82.25405,81.60397,80.1818,80.5632,79.35269
irl,Ireland,,,,,,,,,,,,,,,,,,,,,,,,,,0.00856,0.04267,0.0989,0.1801,0.38983,0.71728,0.91303,1.24704,1.72321,2.47233,4.41405,8.00171,14.97191,25.71584,45.08171,64.71913,76.88363,76.36613,87.65482,94.9321,102.76073,109.87067,113.13769,112.53072,103.76609,103.12331,107.1349,108.98983,105.5378,105.46088,104.2429,102.55839,101.84212,102.03049,104.59752,105.04561,106.86972,110.60885,110.79834,112.63882
irn,Iran,,,,,,,,,,,,,,,,,,,,,,,,,,,,,,,,,,,0.01534,0.02616,0.09735,0.38243,0.61451,0.76073,1.44928,3.09458,3.35112,5.01659,7.22451,11.84839,20.96296,39.90475,56.94293,68.73724,69.81552,71.49838,73.27342,81.13719,84.5269,89.83223,96.0722,102.37596,103.02427,135.62227,145.48557,153.62464,162.71294,166.27982,174.06639
irq,Iraq,,,,,,,,,,,,,,,,,,,,,,,,,,,,,,,,,,,,,,,,,,,0.0769,0.29848,2.08138,5.39647,32.65726,49.38513,60.50526,66.9264,74.93681,79.34661,79.50119,91.97327,90.28713,89.34644,86.94392,84.94646,90.71597,90.36853,88.97993,94.60928,99.13237,101.38872,100.08028
isl,Iceland,,,,,,,,,,,,,,,,,,,,,,,,,,,1.08565,2.03551,2.60847,3.11925,3.9252,4.99591,5.83744,6.59602,8.2055,11.53724,17.39084,24.08939,38.01885,62.17501,76.39932,87.04732,90.55343,96.56947,99.28124,95.37587,99.35763,104.63563,106.11249,106.62342,107.20365,107.81733,109.7472,109.99707,112.98731,116.00444,119.67941,116.79616,116.58108,114.62323,114.93942,117.34256,120.11484,121.4755,120.92751
isr,Israel,,,,,,,,,,,,,,,,,,,,,,,,,,,,,,,0.31728,0.46532,0.71079,1.23698,2.49565,8.13064,18.66518,29.11997,36.5789,48.04734,71.99907,87.8696,98.62687,101.77688,109.174,115.29076,122.78968,127.8572,126.81748,125.19955,124.1833,123.14244,121.25745,122.59047,120.29612,131.25693,128.74535,126.04946,125.73344,135.14335,139.42586,139.77531,151.13796,153.33664,177.3931
ita,Italy,,,,,,,,,,,,,,,,,,,,,,,,,,0.01133,0.01597,0.02919,0.05931,0.1165,0.46867,1.0001,1.37772,2.12271,3.93785,6.89635,11.28667,20.61966,35.98429,53.20215,73.76354,89.42557,94.39117,98.32057,107.86098,122.18109,136.87137,151.92513,151.67637,150.29526,155.68406,159.09274,160.55872,159.69815,148.21699,144.76398,142.12731,138.88243,138.26467,132.18123,129.49001,130.78149,131.67397,131.87167,132.57514
jam,Jamaica,,,,,,,,,,,,,,,,,,,,,,,,,,,,,,,,0.10146,0.31332,0.61898,1.05089,1.79878,2.15722,2.58302,3.0515,5.56136,14.07118,22.7795,47.14797,59.33699,68.76487,73.7408,84.2161,98.91411,99.91518,108.00389,115.76919,106.69811,97.9263,102.24555,107.5791,111.94201,116.2791,109.78271,105.13731,107.1053,101.50208,102.38667,105.76202,115.09223,117.69391
jor,Jordan,,,,,,,,,,,,,,,,,,,,,,,,,,,,,,,0.04134,0.03988,0.03781,0.03572,0.0338,0.26558,0.52321,0.95142,1.70153,2.39189,7.22021,15.74184,21.71622,23.08173,27.61124,52.03839,67.57195,69.89135,76.01811,84.21414,90.72168,100.02857,118.41441,129.05684,126.1689,144.56113,98.12199,94.81212,83.45923,72.89027,64.31426,65.74488,67.74571,67.54568,69.64262
jpn,Japan,,,,,,,,,,,,,,,,,,,,,,0.01121,0.01663,0.0227,0.03353,0.05102,0.07816,0.12331,0.19779,0.39714,0.70184,1.11071,1.37615,1.70811,3.46179,9.33729,21.40087,30.35349,37.45404,44.91768,52.57462,58.79229,63.6299,67.87354,71.56707,75.4292,77.99074,83.80119,86.14111,90.71935,96.17885,103.64155,110.31906,115.78717,123.8221,126.15096,131.21486,135.98584,141.72873,147.20991,154.43221,159.51612,168.60294,178.43244,
kaz,Kazakhstan,,,,,,,,,,,,,,,,,,,,,,,,,,,,,,,,,,,0.00239,0.02799,0.06069,0.07081,0.19193,0.32446,1.27281,3.73663,6.5595,8.45049,15.43833,33.80486,48.28536,75.7982,90.77132,102.66762,115.23917,147.90107,174.70943,172.9553,160.5026,145.48249,139.05117,143.1128,137.67483,133.87973,124.69846,123.94394,125.64158,127.11478,127.08515
ken,Kenya,,,,,,,,,,,,,,,,,,,,,,,,,,,,,,,,,0.00446,0.00458,0.00761,0.00848,0.01023,0.02386,0.03691,0.07928,0.41577,1.89758,3.63815,4.72713,7.33478,12.88386,19.8903,29.83833,41.58401,47.92153,60.02344,65.67302,70.02265,70.75411,73.03275,80.09583,80.97724,87.02653,98.59447,106.54782,117.60253,122.29752,121.169,120.61242,126.47771
kgz,Kyrgyz Republic,,,,,,,,,,,,,,,,,,,,,,,,,,,,,,,,,,,,,,,0.02806,0.05276,0.1791,0.53234,1.03756,2.68013,5.06194,10.32439,23.88582,40.80894,63.52837,83.12555,96.06166,112.20071,119.33344,116.21789,128.2305,126.28437,124.63903,136.13765,137.74228,132.77669,109.78011,108.17165,106.92597,108.59119,107.4923
khm,Cambodia,,,,,,,,,,,,,,,,,,,,,,,,,,,,,,,,,,0.04696,0.09626,0.12913,0.20655,0.29354,0.52571,0.74894,1.04753,1.76528,2.95599,3.81878,6.50447,7.90225,12.62297,18.66321,30.14912,43.90336,56.20935,93.44148,127.83544,133.58099,132.83292,133.45841,125.62764,115.55119,119.30994,129.95744,126.07589,117.23479,113.39151,120.80912,116.09196
kir,Kiribati,,,,,,,,,,,,,,,,,,,,,,,,,,,,,,,,,,,,,,,0.02564,0.22912,0.33855,0.43726,0.5365,0.55853,0.64006,0.66303,0.69988,0.7348,0.95949,9.30523,9.74665,12.46125,16.03078,17.56883,26.01321,35.09823,43.89,38.34795,43.68959,44.10713,43.34769,40.998,49.11205,51.25406,53.52444
kna,St. Kitts and Nevis,,,,,,,,,,,,,,,,,,,,,,,,,,,,,,,,,,,,,0.6961,0.46958,0.9948,1.56163,2.65205,4.58906,10.86484,47.6438,62.6147,109.82622,109.51491,138.09789,159.06907,160.92591,170.77232,164.22813,161.58867,163.58962,138.03648,155.05129,162.68295,163.39639,152.30174,138.91634,133.4009,121.25612,116.92393,118.89302,
kor,South Korea,,,,,,,,,,,,,,,,,,,,,,,,,,,0.01696,0.02418,0.04735,0.09116,0.18133,0.37338,0.60829,1.04998,2.12607,3.61571,6.96666,14.96612,30.31034,50.3923,57.34084,61.74204,68.37864,70.69841,76.70502,80.12749,83.73262,92.09402,94.31409,98.759,104.09665,106.87831,108.11468,109.20625,113.35858,115.59545,119.48951,123.64207,128.49463,133.07979,135.97327,140.51638,148.68361,162.11366,172.52024
kwt,Kuwait,,,,,,,,,,,,,,,,,,,,,,,,,,,0.41665,0.69808,0.82192,1.01809,1.23796,3.21015,3.14692,3.88905,5.19132,7.10533,8.86875,11.92187,13.73971,15.97932,24.35145,43.71848,59.56386,67.30237,82.25794,61.78878,49.88187,56.87637,56.57012,93.66582,135.19001,157.4993,152.83074,182.73843,207.32365,199.89138,191.29422,171.8261,164.21958,164.94165,153.86646,158.64685,168.35016,167.68429,
lao,Lao,,,,,,,,,,,,,,,,,,,,,,,,,,,,,,,,,0.00636,0.00726,0.013,0.03123,0.07514,0.09543,0.12299,0.22618,0.23348,0.53509,0.98309,1.97045,3.53172,11.20241,16.92992,24.41135,32.88572,51.82357,63.20291,85.28397,65.96126,69.76771,68.9015,54.79795,57.29662,52.88879,51.37925,64.06686,63.11399,64.71015,63.3546,64.75881,
lbn,Lebanon,,,,,,,,,,,,,,,,,,,,,,,,,,,,,,,,,,,,3.03058,4.90798,9.10275,12.09203,14.75287,17.16197,17.41863,17.36537,17.57725,19.23008,21.27029,23.28771,26.01093,28.97254,47.8802,56.80421,67.83039,71.72181,67.6382,69.12371,71.96096,67.64198,71.41223,73.9321,73.13648,75.20031,74.99352,74.01483,,
lbr,Liberia,,,,,,,,,,,,,,,,,,,,,,,,,,,,,,,,,,,,,,,,,0.05123,0.06633,0.16156,1.51465,2.98933,4.84699,8.02111,15.34457,22.36656,27.5185,38.71275,47.86903,54.42206,57.06127,70.66282,78.37867,65.54371,54.85752,,38.40419,32.10043,31.4299,32.06389,,
lby,Libya,,,,,,,,,,,,,,,,,,,,,,,,,,,,,,,,,,,,,,0.20398,0.40153,0.59312,0.754,0.9253,1.27078,2.26003,8.71582,34.13669,65.67598,73.71756,118.34172,149.74967,167.74808,157.64906,155.14632,162.34582,132.20393,149.22459,115.49943,89.33381,,164.0044,164.98711,195.11785,192.97309,,
lca,St. Lucia,,,,,,,,,,,,,,,,,,,,,,,,,,,,,,,,,,,0.34803,0.65639,0.90927,1.02924,1.21131,1.45334,1.57613,1.685,8.85481,60.74514,61.49575,63.85978,63.37052,87.62622,103.69473,111.69666,115.9772,126.03535,125.15427,122.31887,108.16192,107.33884,100.57047,100.19961,104.4781,83.18652,81.86872,96.23744,98.66764,,
lie,Liechtenstein,,,,,,,,,,,,,,,,,,,,,,,,,,,,,,,,,,,,,,,23.29916,27.59467,30.19962,32.8908,33.79171,73.39988,74.15162,79.27993,82.21587,90.8789,95.92597,97.99255,98.61385,101.92997,98.59001,104.11,109.38837,109.49198,117.76685,122.59445,123.97912,124.21436,126.10468,126.07059,126.30669,127.05945,128.90143
lka,Sri Lanka,,,,,,,,,,,,,,,,,,,,,,,,,,,,,,,0.00587,0.01033,0.015,0.08239,0.16202,0.2823,0.38766,0.62273,0.93855,1.37466,2.22983,3.40638,4.70269,6.98394,11.00757,16.62885,26.59388,38.95802,53.72171,78.55596,83.14209,87.19789,91.32423,95.1136,102.67105,109.98469,117.73752,127.66974,136.08423,126.51445,131.77342,135.5226,151.72676,142.2774,132.54874
lso,Lesotho,,,,,,,,,,,,,,,,,,,,,,,,,,,,,,,,,,,,,0.06455,0.17743,0.49511,0.60173,1.07789,2.84878,6.91605,6.3449,9.95435,12.78936,18.4011,24.69989,30.16545,33.36896,49.46512,61.1891,75.93639,87.05526,102.82199,101.6882,107.15797,110.37008,72.45552,76.11248,69.8944,80.53682,68.10014,69.35131,70.32805
ltu,Lithuania,,,,,,,,,,,,,,,,,,,,,,,,,,,,,,,,,0.00703,0.03278,0.11967,0.39482,1.3695,4.47474,7.30089,9.13608,14.96971,29.31177,47.78003,61.55303,90.35925,131.0386,144.29639,152.01202,157.03198,156.84795,157.88964,163.04337,167.22607,154.34146,145.49429,143.99149,146.55039,154.14799,134.33361,132.52884,131.34133,133.35727,135.83415,137.20372,138.72884
lux,Luxembourg,,,,,,,,,,,,,,,,,,,,,,,,,,0.01092,0.07931,0.10121,0.14514,0.17642,0.21612,0.29477,0.28607,1.28108,3.20736,6.58383,10.89056,16.06264,30.80926,48.72271,69.5372,92.60037,105.96139,119.29054,102.55381,109.59187,150.78267,142.524,144.58373,144.52404,143.27664,147.51188,143.38795,145.09344,144.24417,141.65918,130.93267,133.11092,131.32687,131.87017,132.90897,136.87109,139.65129,144.47495,
lva,Latvia,,,,,,,,,,,,,,,,,,,,,,,,,,,,,,,,,0.03857,0.144,0.3209,0.58374,1.12458,3.08538,6.80086,11.30686,16.94337,28.09027,39.68225,53.2791,67.87076,83.56172,98.40759,100.73756,105.55165,107.54219,109.92783,112.09059,129.30455,127.07339,119.54974,130.94915,135.22746,126.84699,107.39743,108.22191,107.90249,114.64467,115.20263,119.90994,121.2622
mar,Morocco,,,,,,,,,,,,,,,,,,,,,,,,,,,,0.00026,0.00044,0.00287,0.00364,0.00594,0.01251,0.02571,0.05189,0.10932,0.15682,0.26832,0.41495,1.29737,8.23968,16.56012,21.22967,24.88846,31.17174,40.82201,52.01208,64.22433,72.1861,79.02013,98.50699,111.06372,116.97213,125.56035,128.97184,124.48049,118.5318,123.89432,124.82752,128.8748,135.0884,138.91127,141.87,148.1551,153.05726
mco,Monaco,,,,,,,,,,,,,,,,,,,,,,,,,,,,,,,,,,3.70681,8.18801,9.54514,17.0245,22.52252,35.62358,40.37785,42.91172,44.07803,45.87626,46.58368,48.75104,53.37162,57.10765,64.07639,69.10416,71.06662,70.60278,93.64579,95.63251,100.04796,93.21025,92.5538,89.32557,87.52588,85.67647,88.64835,93.25887,97.14226,100.06165,104.06099,107.40079
mda,Moldova,,,,,,,,,,,,,,,,,,,,,,,,,,,,,,,,,,,,0.00031,0.02077,0.05007,0.16079,0.41822,3.2822,5.37022,8.16391,11.62133,19.44809,27.3224,34.63511,48.88695,64.11995,57.64404,70.22571,90.44196,102.91898,108.45169,111.82921,112.95868,117.00837,117.32104,115.32,116.10519,111.44467,128.98364,137.18255,129.54608,120.08349
mdg,Madagascar,,,,,,,,,,,,,,,,,,,,,,,,,,,,,,,,,,,0.00223,0.00937,0.01606,0.02774,0.08382,0.22727,0.38201,0.86597,0.92884,1.56966,1.79446,2.66324,5.30076,10.91421,23.10876,29.16284,34.76357,38.03636,37.41555,35.09485,39.22527,42.05722,30.6447,32.59063,38.75155,46.07798,54.80847,53.91772,64.74949,75.4563,
mdv,Maldives,,,,,,,,,,,,,,,,,,,,,,,,,,,,,,,,,,,,,0.00758,0.47948,0.58657,1.0521,2.70833,6.58862,14.36787,22.41754,37.5717,66.44932,86.36359,96.62844,129.58533,131.43924,137.01828,141.95502,144.91234,156.2629,160.97452,172.78596,183.19724,196.40967,181.34344,169.77432,142.93612,136.78921,136.45866,141.60123,148.13707
mex,Mexico,,,,,,,,,,,,,,,,,,,,,,,,,,,,,0.0019,0.01059,0.07823,0.19304,0.36785,0.44563,0.64457,0.76527,1.11578,1.86817,3.53442,8.0258,14.27407,21.73602,25.53286,29.22716,36.83266,44.54029,51.64901,61.1904,68.22555,74.28016,80.4263,82.07252,86.22562,90.20124,87.61446,88.94543,91.39419,92.64935,96.46122,97.03586,96.92375,99.09481,105.72062,111.73542,116.48671
mhl,Marshall Islands,,,,,,,,,,,,,,,,,,,,,,,,,,,,,,,,,,,0.5618,0.52069,0.70822,0.89003,0.64894,0.8229,0.88155,0.95652,1.07341,1.15804,1.24346,1.27153,,,,,,,,,31.127,31.7623,,34.38716,,36.35785,37.46546,38.67817,39.70607,,
mkd,North Macedonia,,,,,,,,,,,,,,,,,,,,,,,,,,,,,,,,,,,,,0.05305,0.61679,1.49475,2.40802,5.62634,10.80554,17.61142,37.2824,47.23517,54.12012,60.49306,86.1891,95.01153,94.30345,104.96806,108.46761,110.26844,111.12463,111.34259,105.21202,104.54988,103.45869,102.57229,101.23163,99.47239,104.87513,111.30308,106.45878,108.38712
mli,Mali,,,,,,,,,,,,,,,,,,,,,,,,,,,,,,,,,,,,,0.01172,0.02743,0.04212,0.05851,0.08995,0.20145,0.37414,1.94895,3.10524,5.62823,10.81439,17.5054,23.01465,28.89788,46.66222,65.71072,86.17566,113.11458,130.43957,122.08298,105.3483,111.21031,107.40403,108.81451,116.58741,108.69312,112.11985,,
mlt,Malta,,,,,,,,,,,,,,,,,,,,,,,,,,,,,,,,0.61844,0.94116,1.41243,1.98118,2.82599,3.24449,4.54971,5.74065,9.48048,28.61851,59.4403,68.26501,71.03712,74.50547,78.38479,83.46797,88.33477,92.04404,100.30609,107.79083,122.87178,124.75721,129.92167,125.71872,117.79402,128.5987,129.24907,127.09376,125.86649,122.17569,123.94141,132.86116,140.59359,142.07006
mmr,Myanmar,,,,,,,,,,,,,,,,,,,,,,,,,,,,,,,,,,0.00154,0.00454,0.00645,0.01672,0.01931,0.01913,0.02529,0.02958,0.04953,0.10378,0.14253,0.19642,0.2713,0.44829,0.51458,0.75921,1.03165,1.21164,2.51644,7.48356,13.59335,57.27783,80.23972,98.23426,92.3918,116.97214,155.66942,148.15821,127.24065,107.53509,121.02763,114.32904
mne,Montenegro,,,,,,,,,,,,,,,,,,,,,,,,,,,,,,,,,,,,,,,,,,,,,76.3334,85.67463,101.54763,142.09502,182.98825,204.63144,185.10081,183.20436,156.40196,156.96444,160.49036,160.45499,166.71985,168.46483,184.2191,188.17396,177.66521,185.48847,207.27815,207.23792,221.68732
mng,Mongolia,,,,,,,,,,,,,,,,,,,,,,,,,,,,,,,,,,,,,0.03818,0.08397,0.37553,1.42319,6.29689,7.8702,8.63974,12.64967,16.85922,21.73651,29.97962,45.80518,66.92841,84.38078,92.92076,107.18106,120.73885,100.90126,103.92044,103.07842,110.74585,125.184,133.28387,136.7192,132.61027,140.35214,142.80858,141.08482,140.67003
moz,Mozambique,,,,,,,,,,,,,,,,,,,,,,,,,,,,,,,,,,,,,,0.01513,0.03974,0.07061,0.28167,0.82347,1.34378,2.24704,3.56849,7.40692,11.2537,14.46747,20.18882,26.6651,31.41051,33.21634,36.17816,49.50296,71.67015,75.84472,54.96412,42.16197,48.50071,49.43507,50.23188,43.16362,45.81782,47.5003,49.50477
mrt,Mauritania,,,,,,,,,,,,,,,,,,,,,,,,,,,,,,,,,,,,,,,,,0.58544,4.12366,9.02772,12.52492,18.21057,25.36917,35.17723,45.71419,65.71835,66.44188,81.86608,94.63163,111.23073,106.79848,97.52673,91.89412,88.43835,96.75954,105.27509,105.44109,126.27703,137.54032,109.8839,90.77249,92.07489
mus,Mauritius,,,,,,,,,,,,,,,,,,,,,,,,,,,,,,,0.20178,0.2264,0.2603,0.35623,0.4974,1.01146,1.77759,3.59001,5.05892,8.4717,14.79498,22.22351,28.16111,37.22771,43.82661,52.24468,61.11779,73.1476,81.06634,84.97043,92.84257,100.60897,115.25245,118.79311,127.86328,136.3719,140.42389,142.52453,148.8168,145.11728,149.06996,154.05319,164.30928,165.25752,172.68357
mwi,Malawi,,,,,,,,,,,,,,,,,,,,,,,,,,,,,,,,,,,,0.00378,0.03589,0.06659,0.09783,0.20503,0.43302,0.48072,0.72427,1.10917,1.77698,3.28008,4.69867,7.74032,10.78734,17.26648,21.02568,25.88645,29.58001,32.73174,33.88684,38.43419,40.88444,43.08551,38.19557,46.7841,51.21704,59.55994,59.64957,61.08661,69.26053
mys,Malaysia,,,,,,,,,,,,,,,,,,,,,,,,,,,0.06952,0.10859,0.16522,0.2316,0.49449,0.72152,1.08262,1.78489,2.91862,4.99117,7.34843,9.41213,10.08687,13.36692,22.29967,31.39008,37.56045,45.07366,57.84983,75.65005,73.67624,86.47553,100.51846,107.17951,118.15663,125.71583,139.31475,142.52211,146.36565,141.21053,136.72517,130.85352,128.87315,133.37292,129.01791,137.68494,138.20844,142.73209,139.66465
nam,Namibia,,,,,,,,,,,,,,,,,,,,,,,,,,,,,,,,,,,,0.21802,0.40265,0.73823,1.1233,1.68703,4.50885,5.74029,7.93663,11.66494,14.73136,22.82422,30.56628,39.6448,51.39088,78.53955,92.42875,102.2443,97.82102,121.10559,115.52,107.39237,109.04956,106.91477,107.06026,106.53316,106.20659,103.72735,100.55782,87.6761,85.1649
ner,Niger,,,,,,,,,,,,,,,,,,,,,,,,,,,,,,,,,,,,,,0.00093,0.01243,0.01952,0.01786,0.01783,0.46595,0.64363,1.29974,2.35423,3.38506,6.0796,12.35281,16.30114,22.16848,27.61295,30.24954,37.8312,42.8624,44.93092,36.12052,40.95499,,52.81126,60.03555,61.50631,63.37705,65.73503,60.59399
nga,Nigeria,,,,,,,,,,,,,,,,,,,,,,,,,,,,,,,,,,0.0088,0.01214,0.01202,0.01262,0.01318,0.01714,0.02089,0.02374,0.20519,1.17557,2.29549,6.48476,12.8171,21.6815,26.35632,39.96858,45.98489,52.38615,55.53013,64.00533,70.28251,74.75128,79.10453,78.97014,72.36797,84.28401,88.1169,95.43566,89.29159,99.58522,98.47728,70.76191
nic,Nicaragua,,,,,,,,,,,,,,,,,,,,,,,,,,,,,,,,,,0.00716,0.0472,0.09318,0.10598,0.15441,0.36807,0.87584,1.79774,3.23339,4.60684,8.95623,14.0079,20.95389,33.77503,45.51884,55.73299,59.12673,69.05937,82.89211,99.16012,113.78854,116.50654,118.12747,124.27286,129.50565,116.27241,89.27727,90.81407,93.81651,104.27848,105.84314,105.96114
nld,Netherlands,,,,,,,,,,,,,,,,,,,,,,,,,,0.03307,0.10485,0.1649,0.22354,0.3771,0.52862,0.76429,1.09566,1.41629,2.09128,3.48943,6.53855,10.98535,21.31328,42.65907,66.97279,75.38913,74.28759,80.65052,90.10344,96.16348,104.86332,116.65709,124.27956,120.76732,114.35652,117.67398,116.56384,114.73406,114.86728,121.6375,121.42036,118.57673,121.16216,124.08833,121.42273,123.44785,115.82056,125.27274,128.53877
nor,Norway,,,,,,,,,,,,,,,,,,,,,,0.04073,0.26875,0.56855,0.94318,1.51891,2.08907,2.86668,3.61533,3.96612,4.64038,5.50045,6.60012,8.61297,13.56959,22.51044,28.79019,38.06211,46.75432,59.70227,71.79015,79.60286,83.51671,88.96218,98.54101,102.8407,104.4721,106.97896,109.29313,110.89195,114.52445,115.59628,115.52357,112.04553,111.69009,110.11835,109.42681,108.39264,107.70254,108.00527,108.29684,109.58564,111.6572,109.65423,109.34861
npl,Nepal,,,,,,,,,,,,,,,,,,,,,,,,,,,,,,,,,,,,,,,,0.02278,0.04166,0.06929,0.08639,0.31869,0.44886,0.86401,4.35567,12.20261,15.5613,20.60086,33.6317,48.62451,60.31841,77.42766,83.19251,98.89456,114.89814,128.86389,139.52594,136.18608,131.92102,129.64542,121.11449,117.75958,99.84714
nru,Nauru,,,,,,,,,,,,,,,,,,,,,,,,,,,,,,,,,,1.46685,4.37999,4.84684,5.7999,7.23729,8.19198,9.63113,11.80173,14.8075,,,,,,,,,61.73454,66.34977,66.23162,,,85.8134,88.78924,88.30802,,86.30362,85.88852,85.40439,87.17058,,
nzl,New Zealand,,,,,,,,,,,,,,,,,,,,,,,,,,,,0.07274,0.30157,0.86689,1.5924,2.07663,2.83647,4.02379,6.60611,9.93497,13.21726,14.99529,20.73467,36.38978,39.97331,58.79085,61.98244,64.61018,74.12014,85.36866,90.92168,100.6616,108.40429,109.19303,108.3314,109.97787,111.56758,107.00852,112.75744,121.36898,129.38065,132.98005,128.9369,120.47534,123.00057,114.45471,115.98419,126.85498,130.09346
omn,Oman,,,,,,,,,,,,,,,,,,,,,,,,,,0.00347,0.04785,0.07155,0.10196,0.12049,0.15065,0.1939,0.23804,0.27103,0.31423,0.36529,0.67064,2.3558,4.35195,5.36608,7.14294,14.07431,19.8299,24.89349,32.96972,53.09007,70.44535,94.08549,117.02626,138.04959,151.44609,147.92643,150.87328,149.20891,153.80604,155.7561,153.29146,148.82163,139.96742,138.23211,140.3786,135.07697,136.80057,122.29146,120.61105
pak,Pakistan,,,,,,,,,,,,,,,,,,,,,,,,,,,,,,,0.00173,0.00713,0.01103,0.01274,0.01908,0.03077,0.04958,0.09554,0.1348,0.17744,0.19789,0.46625,1.04063,1.43881,2.93247,7.27898,19.20416,34.06993,46.44863,48.53571,49.78233,53.44619,57.85761,60.51778,63.36184,57.9406,62.00132,64.73018,67.85677,71.66603,74.73322,78.80123,79.10505,76.53976,76.85446
pan,Panama,,,,,,,,,,,,,,,,,,,,,,,,,,,,,,,,,,,,,0.25256,0.83006,2.9767,7.91296,13.63291,15.47924,16.80368,21.70683,38.75386,52.78377,64.42772,87.58236,111.84346,170.20299,183.16891,182.35874,165.28707,162.19875,177.43861,144.99693,127.61624,128.82587,137.29756,137.57,142.28308,147.89986,152.06217,156.58651,
per,Peru,,,,,,,,,,,,,,,,,,,,,,,,,,,,,,,0.00746,0.02524,0.0935,0.15438,0.21765,0.3008,0.80688,1.66295,2.87643,3.85991,4.78924,6.65051,8.45399,10.6247,14.69385,19.86876,32.19828,54.0374,72.9545,85.47781,100.10015,110.77436,99.45081,99.91743,105.85811,112.40482,119.65454,124.23252,132.15663,122.79035,119.8541,129.99374,124.11932,121.97508,124.62354
phl,Philippines,,,,,,,,,,,,,,,,,,,,,,,,,,,,,,,,0.05489,0.08683,0.15496,0.25411,0.71315,1.35179,1.84769,2.3273,3.73772,8.1059,14.93727,18.51837,26.56565,38.12265,39.51442,47.89342,62.96426,73.48202,80.08396,86.31162,95.86883,101.79967,100.73203,107.2845,111.8932,112.518,110.96214,122.96046,151.00664,133.45621,144.42429,147.42893,117.27552,115.29875
plw,Palau,,,,,,,,,,,,,,,,,,,,,,,,,,,,,,,,,,,,,,,,,,,12.60319,19.96032,19.79818,30.53131,42.59685,55.38804,61.37619,68.11695,78.88671,85.43534,96.54377,101.68291,107.89726,133.61283,,,,134.84661,134.89209,134.96036,135.14274,135.3867,
png,Papua New Guinea,,,,,,,,,,,,,,,,,,,,,,,,,,,,,,,,,,,,,0.04774,0.07776,0.10816,0.13265,0.15459,0.18679,0.25321,0.28576,0.76344,1.14751,1.48198,4.30827,12.16761,19.13938,25.00913,30.53689,33.52146,36.13283,39.40779,40.71714,42.20173,43.7752,45.7714,47.19529,49.0844,48.11795,49.19067,34.0589,38.76518
pol,Poland,,,,,,,,,,,,,,,,,,,,,,,,,,,,,,,,,0.00574,0.04097,0.10148,0.1953,0.56482,2.11532,5.02356,10.31549,17.63549,26.15778,36.35544,45.54874,60.51227,76.50326,96.5178,108.85933,115.60816,117.9055,123.24893,131.27978,141.40974,148.91245,148.71328,142.52021,138.5187,131.90147,126.26619,126.59731,129.28849,132.9872,137.00215,135.1463,138.01616
prk,North Korea,,,,,,,,,,,,,,,,,,,,,,,,,,,,,,,,,,,,,,,,,,,,,,,,,,0.2784,1.72856,3.9844,6.74289,9.5541,11.00142,12.66845,14.03204,14.75731,,16.33405,22.95657,22.87236,24.1311,,
prt,Portugal,,,,,,,,,,,,,,,,,,,,,,,,,,,,,,0.02776,0.06495,0.12617,0.37341,1.0138,1.73194,3.39107,6.57885,14.87538,30.20442,45.64927,64.81395,77.04546,83.26096,95.6808,100.85598,108.99095,116.1754,127.78646,132.99015,111.52404,115.42461,116.83749,113.35865,114.6553,114.31289,112.96424,111.84679,113.87362,114.85852,115.14556,114.27638,119.7687,122.80131,123.00151,124.12998
pry,Paraguay,,,,,,,,,,,,,,,,,,,,,,,,,,,,,,,,,0.03507,0.07729,0.1704,0.34334,0.69742,1.74834,4.70239,8.6671,16.09158,22.16787,31.68436,33.23695,32.46086,34.63595,58.72398,84.44028,103.15637,99.07257,103.18731,112.28672,115.20593,117.89991,120.35427,120.34197,119.84834,117.82104,115.74996,119.13705,119.09995,119.31264,128.08806,126.60548,
pse,Palestine,,,,,,,,,,,,,,,,,,,,,,,,,,,,,,,,,,,,,,,,,0.22451,5.42645,7.57298,7.77179,12.56419,15.95502,22.54536,27.33651,34.32729,45.90378,64.81545,70.09301,74.36458,73.92909,72.41022,78.09243,80.15107,84.25938,90.20553,86.73722,80.1298,78.16211,76.56664,76.69189,
qat,Qatar,,,,,,,,,,,,,,,,,,,,,,,,,,,,,,,0.86285,0.88875,0.89817,0.88244,2.30346,3.58529,5.43621,7.89624,11.31779,13.75587,18.73768,26.24612,37.50016,50.56319,63.40524,86.83742,94.54602,104.60129,100.17856,122.86939,127.92007,127.12803,136.39488,162.8597,149.02018,154.09802,140.51775,147.35836,142.91109,140.01721,135.49789,137.70955,162.24854,157.82063,153.61247
rou,Romania,,,,,,,,,,,,,,,,,,,,,,,,,,,,,,,,,,0.00352,0.01226,0.04024,0.07583,0.90177,2.90146,6.15046,11.33525,17.54165,23.47537,32.60201,47.72828,62.95146,76.01827,97.74461,118.10563,121.98129,119.2214,115.47178,113.30235,114.19075,114.78265,116.35035,115.79077,113.76679,115.49213,116.25235,116.47821,119.12307,121.14194,123.25248,119.80486
rus,Russia,,,,,,,,,,,,,,,,,,,,,,,,,,,,,,,,0.0002,0.00405,0.00674,0.0187,0.05972,0.15066,0.32822,0.50703,0.93294,2.22413,5.3043,12.06579,24.78502,50.77984,82.98877,104.55997,119.00478,138.73847,159.90226,165.13712,141.45123,144.1982,150.96417,152.51294,156.41857,157.17398,155.48577,156.68291,163.6463,163.10111,169.07261,168.47583,180.84178,186.10379
rwa,Rwanda,,,,,,,,,,,,,,,,,,,,,,,,,,,,,,,,,,,,,,,0.06317,0.13734,0.4748,0.78435,0.98082,1.52232,1.55692,2.46261,3.37878,6.6507,13.49042,24.1466,34.39537,42.04943,52.54666,60.29886,68.16704,75.25432,74.85021,72.27646,77.67947,75.59855,81.23787,81.63816,80.59522,91.46227,93.20146
sau,Saudi Arabia,,,,,,,,,,,,,,,,,,,,,,,,,,,,,,,0.09279,0.09205,0.09159,0.08915,0.08689,0.08475,0.98265,1.66547,3.0642,3.98211,8.50479,14.83822,27.96042,38.52831,46.64975,68.89231,91.80236,126.96532,154.58687,185.25475,204.96924,206.85181,195.84337,189.47562,181.85657,176.13403,156.04148,130.62972,136.04617,135.52615,139.44419,145.00376,149.79788,157.77539,159.54137
sdn,Sudan,,,,,,,,,,,,,,,,,,,,,,,,,,,,,,,,,,,,,0.00922,0.01554,0.03436,0.05071,0.08268,0.36416,0.65271,1.76355,3.43152,5.84708,14.63823,25.08258,35.66344,44.37457,51.09004,69.32935,74.90849,73.19638,71.59772,69.80363,67.39546,67.05983,68.05337,72.48185,75.22074,71.76723,70.2084,,
sen,Senegal,,,,,,,,,,,,,,,,,,,,,,,,,,,,,,,,,,,0.00116,0.00141,0.01597,0.07669,0.29679,0.92713,2.51048,2.95518,5.28796,7.29792,10.21633,15.39861,25.93564,30.84705,44.72696,55.93965,66.03438,72.17333,86.17746,95.79109,101.60843,102.509,101.01077,101.83111,104.0557,109.34189,113.63809,115.32509,118.15029,123.91157,123.89445
sgp,Singapore,,,,,,,,,,,,,,,,,,,,,,,,,,,,,0.37587,0.89266,1.7116,2.62467,3.71721,5.36872,6.85247,8.63462,11.80234,22.56525,28.31395,41.11453,68.08509,72.67928,79.89116,86.43761,95.63678,102.7232,108.65752,128.88243,133.45425,138.56709,145.45164,150.4041,152.41039,156.67927,148.47835,149.00622,151.68172,149.56787,152.07382,159.34738,150.25933,157.97768,173.00529,173.19993,170.78256
slb,Solomon Islands,,,,,,,,,,,,,,,,,,,,,,,,,,,,,,,,,,,0.03951,0.0613,0.08729,0.16572,0.172,0.26072,0.26131,0.21531,0.21828,0.22739,0.6321,1.24203,1.42394,2.17932,5.89634,9.64988,21.67109,49.71055,52.67501,54.30838,61.06194,66.42196,62.89028,67.86496,67.97748,65.66202,63.66706,62.15652,62.0735,,
sle,Sierra Leone,,,,,,,,,,,,,,,,,,,,,,,,,,,,,,,,,,,,,,,,,0.26992,0.57312,1.3477,2.18657,,,,13.49717,17.11361,19.15568,32.14032,33.45727,33.7349,59.57655,69.17588,80.38189,87.14759,89.77818,84.12334,87.03844,87.00348,101.63678,107.882,,
slv,El Salvador,,,,,,,,,,,,,,,,,,,,,,,,,,,,,,,,,,0.02898,0.08551,0.23442,0.4014,0.68741,2.32986,8.63231,12.5119,14.37288,14.84671,19.16764,30.51922,40.15855,64.16872,102.12247,115.28215,125.09749,126.89552,136.55134,141.4628,146.47556,149.17101,150.94795,155.41961,152.53872,151.66861,167.08863,159.57533,176.97345,183.24896,179.70564,176.51742
smr,San Marino,,,,,,,,,,,,,,,,,,,,,,,,,,,,,,,,,3.78024,5.3759,7.74404,9.40288,9.03111,9.18112,19.15606,36.28238,54.11769,58.40917,60.96177,60.69748,60.57866,60.0238,60.08569,59.69436,82.15885,99.53141,99.87918,110.24589,107.56865,109.39917,111.48999,108.03221,107.0519,110.53581,111.50048,111.82293,112.16889,115.70057,120.26987,,
som,Somalia,,,,,,,,,,,,,,,,,,,,,,,,,,,,,,,,,,,,,,,,,0.90511,0.92406,1.04711,2.01834,4.86334,4.69738,5.01116,5.29914,5.37594,5.35899,5.28636,14.57628,18.45735,40.27322,41.23096,42.26853,46.36672,47.72526,49.52627,51.31941,53.11332,51.20595,49.6801,53.95796,
srb,Serbia,,,,,,,,,,,,,,,,,,,,,,,,,,,,,,,,,,,,,,,,,,,,,51.17181,73.72002,89.37585,114.29611,130.69462,135.32331,136.01504,141.04344,127.19918,128.66814,131.35312,129.38359,129.17749,123.14275,121.07482,122.04774,120.21686,125.07559,129.81315,128.47115,123.82219
ssd,South Sudan,,,,,,,,,,,,,,,,,,,,,,,,,,,,,,,,,,,,,,,,,,,,,,,,,,,15.391,17.49593,21.38294,25.55219,25.59927,26.09934,24.93051,27.18482,18.92976,21.31714,,30.15104,48.48883,46.61524,
stp,Sao Tome and Principe,,,,,,,,,,,,,,,,,,,,,,,,,,,,,,,,,,,,,,,,,,,1.32069,3.133,4.91107,7.39487,11.12305,17.73659,29.0869,45.44708,56.50653,61.96532,64.49147,64.88755,65.30567,92.35113,87.4112,84.05228,77.36444,77.67911,80.11728,85.25777,86.77846,63.45405,62.43674
sur,Suriname,,,,,,,,,,,,,,,,,,,,,,,,,,,,,,,,,,0.25522,0.324,0.38827,0.54435,0.49858,1.30092,3.71978,8.6119,17.88063,21.82314,33.27752,41.41068,44.82557,60.95273,71.56093,122.31031,140.5366,94.77072,95.91079,101.14391,152.64841,161.25192,129.02737,137.28139,134.04978,125.48018,134.34912,146.87474,146.65413,149.05226,157.24615,142.12263
svk,Slovak Republic,,,,,,,,,,,,,,,,,,,,,,,,,,,,,,,,0.00225,0.02899,0.05872,0.11137,0.23019,0.53483,3.7299,8.66425,12.3557,23.11777,39.91739,54.36134,68.42708,79.52258,84.44544,91.00562,112.85222,102.61982,102.09182,109.88827,110.8362,112.75877,114.74913,117.78069,123.15887,128.79249,130.94455,133.04048,135.75567,133.6329,135.26825,136.02929,138.23295,139.96768
svn,Slovenia,,,,,,,,,,,,,,,,,,,,,,,,,,,,,,,,0.02628,0.17576,0.32636,0.82011,1.37115,2.06991,4.70448,8.12793,31.78892,61.18337,73.88554,83.71447,87.28506,92.73114,88.09753,90.83717,95.74284,101.47223,103.18465,103.78253,105.84458,109.14806,111.04491,113.01909,114.27119,115.73631,118.46199,119.1534,120.56888,121.33143,123.36292,126.45918,129.22796,130.8609
swe,Sweden,,,,,,,,,,,,,,,,,,,,,,0.24454,0.32654,0.43439,0.69182,0.87009,1.3386,2.05025,2.86958,4.10348,5.39516,6.61146,7.59235,8.91931,15.83087,22.92631,28.36494,35.97919,46.54175,57.92826,71.82402,80.68775,89.06396,98.24265,97.67831,100.82205,105.79671,110.58755,108.61289,112.27328,117.21193,121.21852,124.4652,125.14158,126.98002,128.97445,126.40163,124.4729,124.08628,125.45673,123.54866,124.96149,140.78166,140.26569,140.68667
swz,Eswatini,,,,,,,,,,,,,,,,,,,,,,,,,,,,,,,,,,,,,,,0.46759,1.37475,3.16877,5.23279,6.41848,7.9685,13.51151,18.5353,23.05346,34.83985,48.4152,60.12127,65.29051,68.57375,71.62795,79.02725,80.68299,82.34068,86.55885,88.71304,89.20037,91.05193,104.74726,118.62749,121.4917,128.39921,139.83346
syc,Seychelles,,,,,,,,,,,,,,,,,,,,,,,,,,,,,,,,,,,,0.0669,1.38054,2.93607,6.68263,20.69692,31.15893,43.35745,52.09942,56.56295,61.67362,65.87727,77.83298,84.48638,101.00381,118.19968,123.81359,130.477,137.10658,133.98568,144.60604,138.24862,138.27683,148.79166,155.55111,164.61708,152.54508,149.47921,163.42952,129.24401,125.61686
syr,Syria,,,,,,,,,,,,,,,,,,,,,,,,,,,,,,,,,,,,,,,,0.02516,0.18031,1.17293,2.28986,6.62407,12.79389,15.67974,23.80707,29.85369,32.61219,45.60165,52.02287,56.46011,57.03047,56.72773,69.25118,73.68109,69.55286,80.03259,87.49521,87.12973,79.14824,78.55583,78.65678,72.44059,71.22314
tcd,Chad,,,,,,,,,,,,,,,,,,,,,,,,,,,,,,,,,,,,,,,,,0.06461,0.24988,0.37516,0.68509,1.23991,2.03329,4.35335,8.28717,13.94178,19.18082,23.35258,28.73902,33.32286,33.31544,37.01233,37.31525,36.95558,40.76489,43.22791,45.93789,50.43433,58.03232,65.43778,70.1874,72.92898
tgo,Togo,,,,,,,,,,,,,,,,,,,,,,,,,,,,,,,,,,,,,,0.06521,0.15862,0.34922,0.97276,1.80013,3.05061,4.38771,5.83805,7.41937,11.77906,19.23486,24.33016,33.38491,38.65203,38.96978,46.64642,58.51386,60.43686,63.35746,70.05881,75.33573,74.39971,73.72247,75.16402,70.44967,72.21475,75.79068,80.80356
tha,Thailand,,,,,,,,,,,,,,,,,,,,,,,,,,,0.00159,0.01121,0.03288,0.07351,0.11448,0.22023,0.44009,0.71579,1.25795,2.18398,3.0636,3.6136,3.2018,3.74648,4.85019,11.86153,27.15242,33.32437,41.19894,46.1397,60.2777,78.94501,91.44827,96.81631,104.58862,112.2332,122.43199,134.36731,138.28115,145.93258,168.88127,170.7837,175.266,181.22187,162.32774,168.48529,176.22279,168.64281,160.63931
tjk,Tajikistan,,,,,,,,,,,,,,,,,,,,,,,,,,,,,,,,,,,,,0.00169,0.00523,0.00682,0.0101,0.01846,0.02544,0.20209,0.71512,1.98806,3.82687,30.46376,29.64455,50.05885,65.41855,77.63634,80.82011,81.4566,91.72877,94.93859,98.20867,106.02742,109.00351,107.44216,115.37292,62.28262,64.08747,63.84421,76.21589,
tkm,Turkmenistan,,,,,,,,,,,,,,,,,,,,,,,,,,,,,,,,,,,,,,0.05729,0.0677,0.08887,0.16366,0.17481,0.17136,0.18888,1.01047,2.07828,4.2134,7.27816,21.23749,39.12417,57.4662,93.25376,101.57447,103.13097,118.6134,126.16297,134.82617,,87.77297,88.20994,88.70295,88.19294,,,
tls,Timor-Leste,,,,,,,,,,,,,,,,,,,,,,,,,,,,,,,,,,,,,,,,,,,,2.18764,2.76856,3.48746,5.02766,7.78345,12.10756,33.14101,43.60922,55.3186,54.7192,56.09759,116.40118,114.23397,121.47761,124.36049,115.08936,109.55544,103.91101,102.66884,108.15836,112.64724,116.38239
ton,Tonga,,,,,,,,,,,,,,,,,,,,,,,,,,,,,,,,,,,,0.30007,0.30141,0.11922,0.12828,0.13728,0.17531,0.22849,3.22891,10.7214,15.60849,28.26887,28.2825,43.59294,47.16128,49.43891,50.55866,51.1295,52.11241,53.69917,63.78448,69.27094,75.81214,102.45074,102.24597,58.7722,58.65436,60.98019,61.72579,,
tto,Trinidad and Tobago,,,,,,,,,,,,,,,,,,,,,,,,,,,,,,,,0.03338,0.09934,0.12976,0.19971,0.48577,0.72588,1.30029,1.98908,2.91313,12.26422,19.32049,19.72746,25.1251,48.40186,68.34887,111.78349,110.57752,131.63334,133.8847,136.60509,130.91199,134.18371,137.60442,139.36548,148.57206,150.71731,140.50313,134.14287,145.71579,134.23118,134.22156,133.63199,134.23056,118.78667
tun,Tunisia,,,,,,,,,,,,,,,,,,,,,,,,,,,,0.00284,0.00497,0.0077,0.01129,0.01437,0.02243,0.02528,0.02963,0.03427,0.06892,0.0801,0.40299,0.56454,1.22034,3.94347,5.75975,19.03892,36.74636,55.39215,70.93327,75.10863,81.59406,91.98497,103.2345,113.79401,116.66032,114.10065,126.69211,128.00857,123.88309,123.03405,125.53293,124.38692,124.04198,129.84608,131.87537,132.65368,117.60682
tur,Turkey,,,,,,,,,,,,,,,,,,,,,,,,,,,0.00073,0.00995,0.01883,0.02928,0.05855,0.08646,0.10905,0.14693,0.29974,0.73708,1.33735,2.62708,5.63304,12.85343,24.65903,29.54617,34.78529,41.11282,50.59954,62.90097,75.18372,87.59759,91.9815,86.63449,84.21589,88.01666,90.00408,91.17584,92.12194,92.03271,91.9287,93.64076,94.90858,94.64981,95.39609,99.54154,103.72059,105.68403,107.82688
tuv,Tuvalu,,,,,,,,,,,,,,,,,,,,,,,,,,,,,,,,,,,,,,,,,,,,,5.09372,13.07847,15.9109,17.67826,,9.55932,15.07443,19.75881,25.60819,30.90628,34.59578,60.2025,69.53339,73.60383,79.06241,85.05812,86.54678,88.28723,98.85909,,
tza,Tanzania,,,,,,,,,,,,,,,,,,,,,,,,,,,,,,,,,,,0.00125,0.01145,0.02902,0.06355,0.11629,0.15209,0.32258,0.78288,1.68006,3.49964,5.09582,7.56468,13.91988,19.91528,30.55337,40.03642,46.8824,55.76104,57.45585,56.2075,63.28044,76.24926,74.39837,71.79117,75.73019,80.58356,84.00506,86.01628,93.01597,105.40028,126.55916
uga,Uganda,,,,,,,,,,,,,,,,,,,,,,,,,,,,,,,,,,,,0.00845,0.01882,0.02286,0.13311,0.2421,0.5288,1.14574,1.54041,2.94538,4.29039,4.70367,6.97652,14.1477,28.01241,29.8359,39.60465,50.05912,47.63427,51.13232,55.95725,53.87555,58.86336,62.09681,58.87536,59.05981,62.28241,65.62207,70.14011,76.29668,83.16503
ukr,Ukraine,,,,,,,,,,,,,,,,,,,,,,,,,,,,,,,,,,0.00013,0.00978,0.0275,0.05931,0.11397,0.23217,0.43937,1.67593,4.59601,7.6964,13.65773,29.08974,64.00536,105.27679,119.08761,120.55809,119.45642,117.76782,121.94161,130.85902,138.44112,144.27885,142.00304,133.16895,131.35651,127.75386,130.62944,129.34123,135.02569,120.26114,133.38013,
ury,Uruguay,,,,,,,,,,,,,,,,,,,,,,,,,,,,,,,,,0.05428,0.15666,0.21395,1.24377,2.43601,3.05802,4.63854,9.73268,12.57689,15.88122,15.66175,15.16311,18.26808,35.14922,70.83164,91.17401,106.22738,124.2129,133.70653,143.00196,149.77087,157.47134,163.78269,153.36841,151.41484,150.44008,131.36333,133.23672,133.9017,138.11299,139.8288,141.71949,145.50176
usa,USA,,,,,,,,,,,,,,,,,,,,,,,,,0.03935,0.14468,0.28707,0.51317,0.85413,1.43249,2.12955,3.00411,4.3236,6.18652,9.202,12.71761,16.37381,20.30588,25.09084,30.82116,38.89314,45.20197,49.39315,55.40963,63.12421,68.8835,76.85865,82.59227,85.68047,89.04614,91.65931,94.68296,96.12843,97.05953,99.83957,101.83196,102.75186,102.38056,103.93531,105.32074,103.85517,106.32451,108.78564,112.41091,113.19048
uzb,Uzbekistan,,,,,,,,,,,,,,,,,,,,,,,,,,,,,,,,,,0.00226,0.004,0.0162,0.04053,0.07217,0.11059,0.16416,0.21434,0.51021,0.73583,1.24776,2.09033,2.73172,9.47736,21.0203,45.00955,58.76274,73.81232,88.26845,69.28493,72.33196,71.59847,70.84151,74.36698,76.26049,71.74437,101.25983,99.40639,102.41009,105.47164,106.88485,110.49202
vct,St. Vincent and the Grenadines,,,,,,,,,,,,,,,,,,,,,,,,,,,,,,,,,0.06183,0.07305,0.13164,0.18831,0.24499,0.30278,0.65695,1.24568,2.07935,6.60082,8.80659,55.60407,63.80999,62.80124,78.23486,99.06752,117.17585,109.5975,119.85467,120.53974,116.78929,115.94581,106.95773,105.99383,105.92389,109.63535,107.1641,92.51778,96.94376,95.51735,102.33424,101.63142,108.35454
ven,Venezuela,,,,,,,,,,,,,,,,,,,,,,,,,,,,,0.00957,0.01912,0.03758,0.08207,0.37951,0.86246,1.47407,1.82655,2.57707,4.65284,8.55077,15.79147,22.20914,25.91115,25.71937,27.09304,31.96929,46.65054,69.01628,86.15075,97.72109,98.8933,96.762,98.61843,103.43525,103.28923,100.90547,95.15779,89.71314,80.13554,69.54996,63.84744,58.16257,60.23449,66.46677,70.21973,71.00759
vnm,Vietnam,,,,,,,,,,,,,,,,,,,,,,,,,,,,,,,,,0.00115,0.0057,0.01724,0.03186,0.09195,0.21096,0.28874,0.42071,1.02206,1.60473,2.41505,3.44629,6.17384,11.83056,22.99253,53.83502,87.90328,113.60625,127.57419,143.91372,147.10446,136.61402,148.50431,129.62706,128.29796,126.09791,146.13784,140.19256,141.65556,136.80631,137.85242,130.99143,127.60647
vut,Vanuatu,,,,,,,,,,,,,,,,,,,,,,,,,,,,,,,,,,,0.03842,0.07092,0.08814,0.11573,0.12016,0.16006,0.19594,0.18322,2.50175,3.88551,5.10619,6.02202,6.94692,11.75003,15.8663,56.5812,71.32694,56.25077,58.69585,50.00118,59.96426,65.69611,80.34305,81.87083,88.14025,90.83309,82.39097,81.69145,81.62027,89.29431,
wsm,Samoa,,,,,,,,,,,,,,,,,,,,,,,,,,,,,,,,,,,,,,0.42903,0.82047,1.33472,1.37601,1.36488,1.46364,5.66251,8.59065,12.83573,24.23965,45.56219,,,46.62657,,51.04479,50.37979,53.25215,59.72634,74.20577,60.46832,48.17373,40.04195,32.55577,32.27632,62.39867,,
yem,Yemen,,,,,,,,,,,,,,,,,,,,,,,,,,,,,,,,,0.01074,0.03449,0.05266,0.05123,0.05303,0.07157,0.0917,0.15279,0.16328,0.73092,2.33581,3.14667,6.68019,9.99364,12.64822,17.88381,25.66508,32.0622,41.43246,42.30158,48.88574,57.46504,56.57323,48.21005,51.17895,46.41112,44.88105,43.399,42.00376,47.80902,46.45344,50.89378,
zaf,South Africa,,,,,,,,,,,,,,,,,,,,,,,,,,,,,,0.01029,0.01424,0.01735,0.02996,0.09406,0.7858,1.21629,2.13382,4.05432,7.27774,11.18955,17.68246,22.67758,28.53429,34.76264,42.53602,68.61979,79.32673,83.71499,88.03747,89.76867,96.23252,120.76564,127.1676,140.57604,142.60448,155.13753,143.92862,153.54795,157.69191,162.73855,158.44727,163.12806,160.72851,171.50862,179.33633
zmb,Zambia,,,,,,,,,,,,,,,,,,,,,,,,,,,,,,,,,,,,0.01781,0.03057,0.04982,0.08813,0.293,0.98679,1.17383,1.30628,2.19418,4.09548,8.10286,13.71302,21.00285,27.17852,32.66534,39.00293,56.54986,70.57086,67.5096,63.63427,70.47785,71.04608,77.05001,86.07233,93.01478,100.23512,103.28258,98.43726,102.06156,108.70478
zwe,Zimbabwe,,,,,,,,,,,,,,,,,,,,,,,,,,,,,,,,,,,,,,0.05046,0.16453,1.48509,2.2405,2.62282,2.80269,2.97287,3.4429,5.18375,6.71982,9.57239,12.76875,30.36646,57.64963,67.66983,91.287,97.28381,83.04606,88.5992,88.21005,95.13668,85.86274,86.40943,84.96041,90.25385,88.99583,91.63441,94.24518
