geo,name,cell_phones_per_100_ppl,residential_energy_use_pctg,landlocked,human_development_ind,maternal_mortality,daily_income
ago,Angola,40.36676,57.01,coastline,0.528,450,7.1482
alb,Albania,91.92993,25.03,coastline,0.769,27,10.4012
are,UAE,157.47258,6.351,coastline,0.835,12,73.5858
arg,Argentina,138.25164,22.8,coastline,0.844,77,27.3047
arm,Armenia,131.87483,30.04,landlocked,0.747,30,8.1821
aus,Australia,101.61876,13.49,coastline,0.929,7,66.454
aut,Austria,146.33431,24.94,landlocked,0.912,4,75.0374
aze,Azerbaijan,99.48903,44.28,landlocked,0.744,43,22.3388
bel,Belgium,111.13154,21.51,coastline,0.921,8,63.008
ben,Benin,72.21154,55.52,coastline,0.485,350,3.1122
bgd,Bangladesh,44.62747,53.05,coastline,0.561,240,5.1278
bgr,Bulgaria,137.14025,24.5,coastline,0.799,11,19.126
bhr,Bahrain,129.15786,11.32,coastline,0.81,20,49.5475
bih,Bosnia and Herzegovina,81.60189,25.91,coastline,0.725,8,23.0237
blr,Belarus,108.87335,32.02,landlocked,0.803,4,15.1495
bol,Bolivia,70.50727,24.03,landlocked,0.677,190,19.5396
bra,Brazil,101.6665,11.23,coastline,0.748,56,20.2208
brn,Brunei,110.90199,8.352,coastline,0.83,24,88.8092
bwa,Botswana,116.24604,31.52,landlocked,0.652,160,11.5874
can,Canada,75.51971,15.81,coastline,0.918,12,68.0568
che,Switzerland,123.23615,30.69,landlocked,0.945,8,81.8951
chl,Chile,115.54453,22.24,coastline,0.823,25,20.2967
chn,China,63.55634,23.47,coastline,0.71,37,8.2097
civ,Cote d'Ivoire,69.36588,71.15,coastline,0.465,400,4.3568
cmr,Cameroon,43.91206,69.97,coastline,0.529,690,6.3119
cod,"Congo, Dem. Rep.",17.24012,75.16,landlocked,0.44,540,1.9019
cog,"Congo, Rep.",83.33721,52.22,coastline,0.609,560,5.5141
col,Colombia,99.33076,21.95,coastline,0.741,92,14.7082
cri,Costa Rica,68.66545,18.78,coastline,0.776,40,25.4042
cub,Cuba,8.87827,17.26,coastline,0.783,73,13.6919
cyp,Cyprus,123.13301,17.14,coastline,0.869,10,58.4331
cze,Czech Republic,123.60528,24.47,landlocked,0.88,5,35.9922
deu,Germany,109.36408,27.36,coastline,0.936,7,65.7734
dnk,Denmark,115.73447,32.74,coastline,0.92,12,66.3214
dom,Dominican Republic,90.55626,36.55,coastline,0.715,150,15.2723
dza,Algeria,90.58238,24.04,coastline,0.718,97,10.2848
ecu,Ecuador,98.03694,19.55,coastline,0.737,110,15.876
egy,Egypt,79.21986,22.37,coastline,0.677,66,8.6784
eri,Eritrea,6.29077,78.53,coastline,0.465,240,2.2779
esp,Spain,109.71157,17.54,coastline,0.875,6,51.6658
est,Estonia,124.1362,35.28,coastline,0.868,2,25.3988
eth,Ethiopia,7.57026,93.82,coastline,0.415,350,4.3056
fin,Finland,156.43208,21.58,coastline,0.92,5,61.6015
fra,France,91.11858,27.05,coastline,0.888,8,66.6015
gab,Gabon,93.61124,54.08,coastline,0.684,230,11.818
gbr,UK,121.78084,32.33,coastline,0.921,12,60.7209
geo,Georgia,102.1129,39.57,coastline,0.77,67,6.4966
gha,Ghana,68.44731,49.56,coastline,0.558,350,4.3597
grc,Greece,110.4996,23.79,coastline,0.876,3,38.9108
gtm,Guatemala,124.60573,64.97,coastline,0.623,120,15.8702
hnd,Honduras,113.61714,48.31,coastline,0.596,100,12.1056
hrv,Croatia,114.58233,22.86,coastline,0.831,17,54.2083
hti,Haiti,40.80261,63.87,coastline,0.452,350,7.1655
hun,Hungary,120.36945,31.65,landlocked,0.838,21,20.7031
idn,Indonesia,85.78387,37.03,coastline,0.67,220,4.8653
ind,India,60.49064,37.65,coastline,0.59,200,4.4024
irl,Ireland,103.12331,28.29,coastline,0.915,6,44.9844
irn,Iran,69.81552,29.7,coastline,0.778,21,13.4519
irq,Iraq,74.93681,28.17,coastline,0.65,63,12.0703
isl,Iceland,107.20365,17.29,coastline,0.935,5,54.0228
isr,Israel,124.1833,22.91,coastline,0.889,7,34.9423
ita,Italy,155.68406,24.19,coastline,0.887,4,55.4391
jam,Jamaica,115.76919,15.33,coastline,0.708,110,15.5927
jor,Jordan,90.72168,22.15,coastline,0.732,63,17.3276
jpn,Japan,96.17885,15.31,coastline,0.907,5,48.2463
kaz,Kazakhstan,115.23917,14.3,landlocked,0.781,51,11.2858
ken,Kenya,60.02344,76.48,coastline,0.552,360,5.0746
kgz,Kyrgyz Republic,96.06166,5.003,landlocked,0.668,71,6.087
khm,Cambodia,56.20935,62.53,coastline,0.543,250,4.4462
kor,South Korea,104.09665,12.61,coastline,0.894,16,40.584
kwt,Kuwait,135.19001,16.98,coastline,0.812,14,60.7831
lbn,Lebanon,56.80421,25.71,coastline,0.75,25,25.2391
lby,Libya,167.74808,13.84,coastline,0.755,58,22.428
lka,Sri Lanka,83.14209,41.69,coastline,0.748,35,8.2556
ltu,Lithuania,157.88964000000001,29.21,coastline,0.854,8,21.4925
lux,Luxembourg,143.27664,12.48,landlocked,0.909,20,84.7565
lva,Latvia,109.92783,35.87,coastline,0.833,34,20.5971
mar,Morocco,98.50699,21.42,coastline,0.607,100,10.4014
mda,Moldova,70.22571,51.35,landlocked,0.739,41,12.9861
mex,Mexico,80.4263,15.73,coastline,0.751,50,13.7151
mlt,Malta,107.79083,17.77,coastline,0.867,8,41.5475
mmr,Myanmar,1.21164,80.68,coastline,0.515,200,4.6734
mne,Montenegro,185.10081,30.64,coastline,0.815,8,18.8886
mng,Mongolia,92.92076,30.2,landlocked,0.714,63,9.8877
moz,Mozambique,31.41051,72.59,coastline,0.419,490,2.5716
mys,Malaysia,118.15663,10.07,coastline,0.779,29,24.7365
nam,Namibia,92.42875,13.72,coastline,0.591,200,9.3587
nga,Nigeria,52.38615,81.13,coastline,0.502,630,4.5964
nic,Nicaragua,69.05937,48.61,coastline,0.651,95,10.0304
nld,Netherlands,114.35652,17.78,coastline,0.925,6,65.0932
nor,Norway,114.52445,20.21,coastline,0.947,7,74.5958
npl,Nepal,33.6317,87.36,landlocked,0.551,170,5.6297
nzl,New Zealand,108.3314,11.85,coastline,0.926,15,39.9167
omn,Oman,151.44609,11.67,coastline,0.804,32,46.4331
pak,Pakistan,49.78233,48.31,coastline,0.5,260,4.6861
pan,Panama,183.16891,23.17,coastline,0.775,92,20.9299
per,Peru,100.10015,26.12,coastline,0.731,67,12.7079
phl,Philippines,86.31162,25.71,coastline,0.669,99,15.0214
pol,Poland,123.24893,30.14,coastline,0.852,5,48.286
prt,Portugal,115.42461,15.12,coastline,0.836,8,34.7307
pry,Paraguay,103.18731,30.31,landlocked,0.709,99,16.201
qat,Qatar,127.92007,3.649,coastline,0.834,7,99.0278
rou,Romania,119.2214,34.32,coastline,0.822,27,24.824
rus,Russia,165.13712,25,coastline,0.808,34,26.6559
sau,Saudi Arabia,204.96924,10.29,coastline,0.801,24,53.8774
sdn,Sudan,51.09004,47.69,coastline,0.479,730,7.5147
sen,Senegal,66.03438,50.05,coastline,0.477,370,3.7855
sgp,Singapore,145.45164,2.851,coastline,0.932,3,103.3159
slv,El Salvador,126.89552,29.72,coastline,0.66,81,10.624
srb,Serbia,136.01504,32.18,landlocked,0.775,12,14.6845
svk,Slovak Republic,109.88827,20.2,landlocked,0.851,6,26.6282
svn,Slovenia,103.78253,24.79,coastline,0.896,12,43.7622
swe,Sweden,117.21193,21.45,coastline,0.918,4,53.9565
syr,Syria,52.02287,21.22,coastline,0.669,70,14.2961
tgo,Togo,38.65203,69.14,coastline,0.483,300,3.173
tha,Thailand,104.58862,13.34,coastline,0.742,48,15.9566
tjk,Tajikistan,77.63634,12.92,landlocked,0.639,65,6.0956
tkm,Turkmenistan,57.4662,1.362,landlocked,0.7,67,11.0027
tto,Trinidad and Tobago,136.60509,2.373,coastline,0.789,46,38.2547
tun,Tunisia,103.2345,26.92,coastline,0.717,56,13.9689
tur,Turkey,84.21589,28.93,coastline,0.75,20,16.3785
tza,Tanzania,46.8824,72.41,coastline,0.513,460,3.7998
ukr,Ukraine,117.76782,34.18,coastline,0.782,32,12.8369
ury,Uruguay,133.70653,21.2,coastline,0.796,29,29.7067
usa,USA,91.65931,17.88,coastline,0.919,21,75.4596
uzb,Uzbekistan,73.81232,39.61,landlocked,0.681,28,3.196
ven,Venezuela,96.762,10.35,coastline,0.764,92,13.9905
vnm,Vietnam,127.57419,33.02,coastline,0.686,59,11.1931
yem,Yemen,41.43246,19.49,coastline,0.502,200,5.2997
zaf,South Africa,96.23252,23.99,coastline,0.669,300,12.9815
zmb,Zambia,39.00293,71.31,landlocked,0.533,440,3.0305
zwe,Zimbabwe,57.64963,73.23,landlocked,0.512,570,5.0366
