geo,name,1990,1991,1992,1993,1994,1995,1996,1997,1998,1999,2000,2001,2002,2003,2004,2005,2006,2007,2008,2009,2010
afg,Afghanistan,1300,,,,,1300,,,,,1000,,,,,710,,,,,460
ago,Angola,1200,,,,,1200,,,,,890,,,,,650,,,,,450
alb,Albania,48,,,,,43,,,,,39,,,,,31,,,,,27
are,UAE,24,,,,,16,,,,,14,,,,,13,,,,,12
arg,Argentina,71,,,,,60,,,,,63,,,,,69,,,,,77
arm,Armenia,46,,,,,47,,,,,38,,,,,34,,,,,30
aus,Australia,10,,,,,13,,,,,9,,,,,7,,,,,7
aut,Austria,10,,,,,7,,,,,5,,,,,5,,,,,4
aze,Azerbaijan,56,,,,,81,,,,,65,,,,,52,,,,,43
bdi,Burundi,1100,,,,,1100,,,,,1000,,,,,910,,,,,800
bel,Belgium,10,,,,,10,,,,,9,,,,,8,,,,,8
ben,Benin,770,,,,,660,,,,,530,,,,,430,,,,,350
bfa,Burkina Faso,700,,,,,560,,,,,450,,,,,370,,,,,300
bgd,Bangladesh,800,,,,,560,,,,,400,,,,,330,,,,,240
bgr,Bulgaria,24,,,,,23,,,,,28,,,,,13,,,,,11
bhr,Bahrain,23,,,,,21,,,,,22,,,,,21,,,,,20
bhs,Bahamas,52,,,,,56,,,,,56,,,,,47,,,,,47
bih,Bosnia and Herzegovina,18,,,,,14,,,,,10,,,,,9,,,,,8
blr,Belarus,37,,,,,28,,,,,31,,,,,20,,,,,4
blz,Belize,71,,,,,32,,,,,100,,,,,77,,,,,53
bol,Bolivia,450,,,,,360,,,,,280,,,,,240,,,,,190
bra,Brazil,120,,,,,96,,,,,81,,,,,67,,,,,56
brb,Barbados,120,,,,,39,,,,,49,,,,,41,,,,,51
brn,Brunei,29,,,,,25,,,,,24,,,,,25,,,,,24
btn,Bhutan,1000,,,,,670,,,,,430,,,,,270,,,,,180
bwa,Botswana,140,,,,,210,,,,,350,,,,,330,,,,,160
caf,Central African Republic,930,,,,,1000,,,,,1000,,,,,1000,,,,,890
can,Canada,6,,,,,7,,,,,7,,,,,11,,,,,12
che,Switzerland,7,,,,,6,,,,,6,,,,,6,,,,,8
chl,Chile,56,,,,,40,,,,,29,,,,,26,,,,,25
chn,China,120,,,,,84,,,,,61,,,,,45,,,,,37
civ,Cote d'Ivoire,710,,,,,660,,,,,590,,,,,510,,,,,400
cmr,Cameroon,670,,,,,720,,,,,730,,,,,720,,,,,690
cod,"Congo, Dem. Rep.",930,,,,,870,,,,,770,,,,,660,,,,,540
cog,"Congo, Rep.",420,,,,,480,,,,,540,,,,,550,,,,,560
col,Colombia,170,,,,,130,,,,,130,,,,,100,,,,,92
com,Comoros,440,,,,,380,,,,,340,,,,,310,,,,,280
cpv,Cape Verde,200,,,,,200,,,,,170,,,,,110,,,,,79
cri,Costa Rica,38,,,,,45,,,,,47,,,,,50,,,,,40
cub,Cuba,63,,,,,61,,,,,63,,,,,67,,,,,73
cyp,Cyprus,17,,,,,17,,,,,15,,,,,12,,,,,10
cze,Czech Republic,15,,,,,9,,,,,7,,,,,7,,,,,5
deu,Germany,13,,,,,9,,,,,7,,,,,7,,,,,7
dji,Djibouti,290,,,,,290,,,,,290,,,,,220,,,,,200
dnk,Denmark,13,,,,,19,,,,,8,,,,,7,,,,,12
dom,Dominican Republic,220,,,,,170,,,,,130,,,,,130,,,,,150
dza,Algeria,220,,,,,180,,,,,140,,,,,110,,,,,97
ecu,Ecuador,180,,,,,150,,,,,130,,,,,110,,,,,110
egy,Egypt,230,,,,,150,,,,,100,,,,,78,,,,,66
eri,Eritrea,880,,,,,550,,,,,390,,,,,300,,,,,240
esp,Spain,7,,,,,4,,,,,5,,,,,6,,,,,6
est,Estonia,48,,,,,46,,,,,28,,,,,23,,,,,2
eth,Ethiopia,950,,,,,880,,,,,700,,,,,510,,,,,350
fin,Finland,7,,,,,5,,,,,5,,,,,6,,,,,5
fji,Fiji,32,,,,,33,,,,,31,,,,,29,,,,,26
fra,France,13,,,,,13,,,,,10,,,,,8,,,,,8
fsm,"Micronesia, Fed. Sts.",140,,,,,130,,,,,130,,,,,110,,,,,100
gab,Gabon,270,,,,,260,,,,,270,,,,,260,,,,,230
gbr,UK,10,,,,,10,,,,,12,,,,,13,,,,,12
geo,Georgia,63,,,,,75,,,,,58,,,,,61,,,,,67
gha,Ghana,580,,,,,590,,,,,550,,,,,440,,,,,350
gin,Guinea,1200,,,,,1100,,,,,970,,,,,800,,,,,610
gmb,Gambia,700,,,,,650,,,,,520,,,,,430,,,,,360
gnb,Guinea-Bissau,1100,,,,,1000,,,,,970,,,,,890,,,,,790
gnq,Equatorial Guinea,1200,,,,,1000,,,,,450,,,,,270,,,,,240
grc,Greece,6,,,,,2,,,,,5,,,,,3,,,,,3
grd,Grenada,34,,,,,32,,,,,27,,,,,25,,,,,24
gtm,Guatemala,160,,,,,160,,,,,130,,,,,120,,,,,120
guy,Guyana,180,,,,,170,,,,,220,,,,,280,,,,,280
hnd,Honduras,220,,,,,180,,,,,160,,,,,130,,,,,100
hrv,Croatia,8,,,,,14,,,,,11,,,,,14,,,,,17
hti,Haiti,620,,,,,550,,,,,460,,,,,410,,,,,350
hun,Hungary,23,,,,,23,,,,,10,,,,,10,,,,,21
idn,Indonesia,600,,,,,420,,,,,340,,,,,270,,,,,220
ind,India,600,,,,,480,,,,,390,,,,,280,,,,,200
irl,Ireland,6,,,,,4,,,,,6,,,,,2,,,,,6
irn,Iran,120,,,,,72,,,,,48,,,,,30,,,,,21
irq,Iraq,89,,,,,84,,,,,78,,,,,74,,,,,63
isl,Iceland,8,,,,,7,,,,,7,,,,,6,,,,,5
isr,Israel,12,,,,,10,,,,,9,,,,,7,,,,,7
ita,Italy,10,,,,,6,,,,,4,,,,,5,,,,,4
jam,Jamaica,59,,,,,62,,,,,83,,,,,89,,,,,110
jor,Jordan,110,,,,,88,,,,,79,,,,,72,,,,,63
jpn,Japan,12,,,,,9,,,,,10,,,,,7,,,,,5
kaz,Kazakhstan,92,,,,,90,,,,,70,,,,,50,,,,,51
ken,Kenya,400,,,,,460,,,,,490,,,,,450,,,,,360
kgz,Kyrgyz Republic,73,,,,,98,,,,,82,,,,,77,,,,,71
khm,Cambodia,830,,,,,750,,,,,510,,,,,340,,,,,250
kor,South Korea,18,,,,,18,,,,,19,,,,,17,,,,,16
kwt,Kuwait,11,,,,,10,,,,,9,,,,,8,,,,,14
lao,Lao,1600,,,,,1200,,,,,870,,,,,650,,,,,470
lbn,Lebanon,52,,,,,46,,,,,38,,,,,31,,,,,25
lbr,Liberia,1200,,,,,1900,,,,,1300,,,,,1100,,,,,770
lby,Libya,99,,,,,76,,,,,67,,,,,61,,,,,58
lca,St. Lucia,64,,,,,55,,,,,46,,,,,40,,,,,35
lka,Sri Lanka,85,,,,,74,,,,,58,,,,,44,,,,,35
lso,Lesotho,520,,,,,540,,,,,690,,,,,720,,,,,620
ltu,Lithuania,34,,,,,21,,,,,21,,,,,11,,,,,8
lux,Luxembourg,6,,,,,11,,,,,11,,,,,17,,,,,20
lva,Latvia,57,,,,,58,,,,,43,,,,,21,,,,,34
mar,Morocco,300,,,,,230,,,,,170,,,,,130,,,,,100
mda,Moldova,62,,,,,60,,,,,39,,,,,25,,,,,41
mdg,Madagascar,640,,,,,550,,,,,400,,,,,310,,,,,240
mdv,Maldives,830,,,,,390,,,,,190,,,,,94,,,,,60
mex,Mexico,92,,,,,85,,,,,82,,,,,54,,,,,50
mkd,North Macedonia,16,,,,,14,,,,,15,,,,,10,,,,,10
mli,Mali,1100,,,,,930,,,,,740,,,,,620,,,,,540
mlt,Malta,14,,,,,13,,,,,12,,,,,10,,,,,8
mmr,Myanmar,520,,,,,380,,,,,300,,,,,230,,,,,200
mne,Montenegro,8,,,,,10,,,,,11,,,,,9,,,,,8
mng,Mongolia,120,,,,,110,,,,,96,,,,,84,,,,,63
moz,Mozambique,910,,,,,800,,,,,710,,,,,630,,,,,490
mrt,Mauritania,760,,,,,690,,,,,630,,,,,560,,,,,510
mus,Mauritius,68,,,,,66,,,,,28,,,,,32,,,,,60
mwi,Malawi,1100,,,,,1000,,,,,840,,,,,630,,,,,460
mys,Malaysia,53,,,,,44,,,,,39,,,,,34,,,,,29
nam,Namibia,200,,,,,200,,,,,280,,,,,310,,,,,200
ner,Niger,1200,,,,,1100,,,,,870,,,,,720,,,,,590
nga,Nigeria,1100,,,,,1000,,,,,970,,,,,820,,,,,630
nic,Nicaragua,170,,,,,150,,,,,130,,,,,110,,,,,95
nld,Netherlands,10,,,,,12,,,,,13,,,,,8,,,,,6
nor,Norway,9,,,,,4,,,,,8,,,,,9,,,,,7
npl,Nepal,770,,,,,550,,,,,360,,,,,250,,,,,170
nzl,New Zealand,18,,,,,13,,,,,12,,,,,15,,,,,15
omn,Oman,110,,,,,74,,,,,51,,,,,39,,,,,32
pak,Pakistan,490,,,,,440,,,,,380,,,,,310,,,,,260
pan,Panama,100,,,,,110,,,,,110,,,,,100,,,,,92
per,Peru,200,,,,,170,,,,,120,,,,,90,,,,,67
phl,Philippines,170,,,,,140,,,,,120,,,,,110,,,,,99
png,Papua New Guinea,390,,,,,330,,,,,310,,,,,270,,,,,230
pol,Poland,17,,,,,14,,,,,8,,,,,5,,,,,5
prk,North Korea,97,,,,,140,,,,,120,,,,,85,,,,,81
prt,Portugal,15,,,,,10,,,,,8,,,,,8,,,,,8
pry,Paraguay,120,,,,,120,,,,,110,,,,,110,,,,,99
qat,Qatar,15,,,,,13,,,,,11,,,,,9,,,,,7
rou,Romania,170,,,,,72,,,,,52,,,,,30,,,,,27
rus,Russia,74,,,,,72,,,,,57,,,,,37,,,,,34
rwa,Rwanda,910,,,,,1000,,,,,840,,,,,550,,,,,340
sau,Saudi Arabia,44,,,,,33,,,,,27,,,,,25,,,,,24
sdn,Sudan,1000,,,,,930,,,,,870,,,,,800,,,,,730
sen,Senegal,670,,,,,590,,,,,500,,,,,430,,,,,370
sgp,Singapore,6,,,,,6,,,,,15,,,,,9,,,,,3
slb,Solomon Islands,150,,,,,120,,,,,120,,,,,110,,,,,93
sle,Sierra Leone,1300,,,,,1300,,,,,1300,,,,,1000,,,,,890
slv,El Salvador,150,,,,,130,,,,,110,,,,,94,,,,,81
som,Somalia,890,,,,,970,,,,,1000,,,,,1000,,,,,1000
srb,Serbia,23,,,,,25,,,,,12,,,,,10,,,,,12
stp,Sao Tome and Principe,150,,,,,120,,,,,110,,,,,87,,,,,70
sur,Suriname,84,,,,,39,,,,,130,,,,,110,,,,,130
svk,Slovak Republic,15,,,,,10,,,,,13,,,,,6,,,,,6
svn,Slovenia,11,,,,,13,,,,,12,,,,,14,,,,,12
swe,Sweden,6,,,,,5,,,,,5,,,,,4,,,,,4
swz,Eswatini,300,,,,,290,,,,,360,,,,,420,,,,,320
syr,Syria,240,,,,,160,,,,,120,,,,,89,,,,,70
tcd,Chad,920,,,,,1000,,,,,1100,,,,,1100,,,,,1100
tgo,Togo,620,,,,,540,,,,,440,,,,,370,,,,,300
tha,Thailand,54,,,,,54,,,,,66,,,,,54,,,,,48
tjk,Tajikistan,94,,,,,160,,,,,120,,,,,79,,,,,65
tkm,Turkmenistan,82,,,,,94,,,,,91,,,,,76,,,,,67
tls,Timor-Leste,1000,,,,,880,,,,,610,,,,,410,,,,,300
ton,Tonga,67,,,,,86,,,,,87,,,,,100,,,,,110
tto,Trinidad and Tobago,86,,,,,90,,,,,59,,,,,59,,,,,46
tun,Tunisia,130,,,,,110,,,,,84,,,,,68,,,,,56
tur,Turkey,67,,,,,51,,,,,39,,,,,28,,,,,20
tza,Tanzania,870,,,,,840,,,,,730,,,,,610,,,,,460
uga,Uganda,600,,,,,590,,,,,530,,,,,420,,,,,310
ukr,Ukraine,49,,,,,45,,,,,35,,,,,25,,,,,32
ury,Uruguay,39,,,,,35,,,,,35,,,,,31,,,,,29
usa,USA,12,,,,,12,,,,,14,,,,,18,,,,,21
uzb,Uzbekistan,59,,,,,36,,,,,33,,,,,32,,,,,28
vct,St. Vincent and the Grenadines,59,,,,,87,,,,,88,,,,,64,,,,,48
ven,Venezuela,94,,,,,98,,,,,91,,,,,94,,,,,92
vnm,Vietnam,240,,,,,160,,,,,100,,,,,74,,,,,59
vut,Vanuatu,220,,,,,180,,,,,120,,,,,110,,,,,110
wsm,Samoa,260,,,,,180,,,,,150,,,,,120,,,,,100
yem,Yemen,610,,,,,520,,,,,380,,,,,270,,,,,200
zaf,South Africa,250,,,,,260,,,,,330,,,,,360,,,,,300
zmb,Zambia,470,,,,,530,,,,,540,,,,,500,,,,,440
zwe,Zimbabwe,450,,,,,540,,,,,640,,,,,690,,,,,570
